sample_id,dataset_origin,audio_file,audio_path,transcript,emotion_label,depression_score
SAM_00000,Zenodo,a75-01-05-18.wav,zenodo_16210020/SITB-OSED/Actor_2Phulbani/a75-01-05-18.wav,Vocal recording sample,neutral,
SAM_00001,Zenodo,a24-01-05-18.wav,zenodo_16210020/SITB-OSED/Actor_2Phulbani/a24-01-05-18.wav,Vocal recording sample,neutral,
SAM_00002,Zenodo,s83-05-05-18.wav,zenodo_16210020/SITB-OSED/Actor_2Phulbani/s83-05-05-18.wav,Vocal recording sample,neutral,
SAM_00003,Zenodo,f43-03-05-18.wav,zenodo_16210020/SITB-OSED/Actor_2Phulbani/f43-03-05-18.wav,Vocal recording sample,neutral,
SAM_00004,Zenodo,s50-05-05-18.wav,zenodo_16210020/SITB-OSED/Actor_2Phulbani/s50-05-05-18.wav,Vocal recording sample,neutral,
SAM_00005,Zenodo,h34-04-05-18.wav,zenodo_16210020/SITB-OSED/Actor_2Phulbani/h34-04-05-18.wav,Vocal recording sample,neutral,
SAM_00006,Zenodo,a48-01-05-18.wav,zenodo_16210020/SITB-OSED/Actor_2Phulbani/a48-01-05-18.wav,Vocal recording sample,neutral,
SAM_00007,Zenodo,f86-03-05-18.wav,zenodo_16210020/SITB-OSED/Actor_2Phulbani/f86-03-05-18.wav,Vocal recording sample,neutral,
SAM_00008,Zenodo,f71-03-05-18.wav,zenodo_16210020/SITB-OSED/Actor_2Phulbani/f71-03-05-18.wav,Vocal recording sample,neutral,
SAM_00009,Zenodo,sr48-06-05-18.wav,zenodo_16210020/SITB-OSED/Actor_2Phulbani/sr48-06-05-18.wav,Vocal recording sample,neutral,
SAM_00010,Zenodo,f83-03-05-18.wav,zenodo_16210020/SITB-OSED/Actor_2Phulbani/f83-03-05-18.wav,Vocal recording sample,neutral,
SAM_00011,Zenodo,d44-02-05-18.wav,zenodo_16210020/SITB-OSED/Actor_2Phulbani/d44-02-05-18.wav,Vocal recording sample,neutral,
SAM_00012,Zenodo,f14-03-05-18.wav,zenodo_16210020/SITB-OSED/Actor_2Phulbani/f14-03-05-18.wav,Vocal recording sample,neutral,
SAM_00013,Zenodo,d69-02-05-18.wav,zenodo_16210020/SITB-OSED/Actor_2Phulbani/d69-02-05-18.wav,Vocal recording sample,neutral,
SAM_00014,Zenodo,a45-01-05-18.wav,zenodo_16210020/SITB-OSED/Actor_2Phulbani/a45-01-05-18.wav,Vocal recording sample,neutral,
SAM_00015,Zenodo,sr85-06-05-18.wav,zenodo_16210020/SITB-OSED/Actor_2Phulbani/sr85-06-05-18.wav,Vocal recording sample,neutral,
SAM_00016,Zenodo,d21-02-05-18.wav,zenodo_16210020/SITB-OSED/Actor_2Phulbani/d21-02-05-18.wav,Vocal recording sample,neutral,
SAM_00017,Zenodo,h69-04-05-18.wav,zenodo_16210020/SITB-OSED/Actor_2Phulbani/h69-04-05-18.wav,Vocal recording sample,neutral,
SAM_00018,Zenodo,d89-02-05-18.wav,zenodo_16210020/SITB-OSED/Actor_2Phulbani/d89-02-05-18.wav,Vocal recording sample,neutral,
SAM_00019,Zenodo,a7-01-05-18.wav,zenodo_16210020/SITB-OSED/Actor_2Phulbani/a7-01-05-18.wav,Vocal recording sample,neutral,
SAM_00020,Zenodo,sr105-06-05-18.wav,zenodo_16210020/SITB-OSED/Actor_2Phulbani/sr105-06-05-18.wav,Vocal recording sample,neutral,
SAM_00021,Zenodo,sr78-06-05-18.wav,zenodo_16210020/SITB-OSED/Actor_2Phulbani/sr78-06-05-18.wav,Vocal recording sample,neutral,
SAM_00022,Zenodo,sr80-06-05-18.wav,zenodo_16210020/SITB-OSED/Actor_2Phulbani/sr80-06-05-18.wav,Vocal recording sample,neutral,
SAM_00023,Zenodo,h80-04-05-18.wav,zenodo_16210020/SITB-OSED/Actor_2Phulbani/h80-04-05-18.wav,Vocal recording sample,neutral,
SAM_00024,Zenodo,h54-04-05-18.wav,zenodo_16210020/SITB-OSED/Actor_2Phulbani/h54-04-05-18.wav,Vocal recording sample,neutral,
SAM_00025,Zenodo,d26-02-05-18.wav,zenodo_16210020/SITB-OSED/Actor_2Phulbani/d26-02-05-18.wav,Vocal recording sample,neutral,
SAM_00026,Zenodo,sr73-06-05-18.wav,zenodo_16210020/SITB-OSED/Actor_2Phulbani/sr73-06-05-18.wav,Vocal recording sample,neutral,
SAM_00027,Zenodo,d71-02-05-18.wav,zenodo_16210020/SITB-OSED/Actor_2Phulbani/d71-02-05-18.wav,Vocal recording sample,neutral,
SAM_00028,Zenodo,h60-04-05-18.wav,zenodo_16210020/SITB-OSED/Actor_2Phulbani/h60-04-05-18.wav,Vocal recording sample,neutral,
SAM_00029,Zenodo,a96-01-05-18.wav,zenodo_16210020/SITB-OSED/Actor_2Phulbani/a96-01-05-18.wav,Vocal recording sample,neutral,
SAM_00030,Zenodo,h4-04-05-18.wav,zenodo_16210020/SITB-OSED/Actor_2Phulbani/h4-04-05-18.wav,Vocal recording sample,neutral,
SAM_00031,Zenodo,d49-02-05-18.wav,zenodo_16210020/SITB-OSED/Actor_2Phulbani/d49-02-05-18.wav,Vocal recording sample,neutral,
SAM_00032,Zenodo,sr44-06-05-18.wav,zenodo_16210020/SITB-OSED/Actor_2Phulbani/sr44-06-05-18.wav,Vocal recording sample,neutral,
SAM_00033,Zenodo,d84-02-05-18.wav,zenodo_16210020/SITB-OSED/Actor_2Phulbani/d84-02-05-18.wav,Vocal recording sample,neutral,
SAM_00034,Zenodo,s52-05-05-18.wav,zenodo_16210020/SITB-OSED/Actor_2Phulbani/s52-05-05-18.wav,Vocal recording sample,neutral,
SAM_00035,Zenodo,f28-03-05-18.wav,zenodo_16210020/SITB-OSED/Actor_2Phulbani/f28-03-05-18.wav,Vocal recording sample,neutral,
SAM_00036,Zenodo,f97-03-05-18.wav,zenodo_16210020/SITB-OSED/Actor_2Phulbani/f97-03-05-18.wav,Vocal recording sample,neutral,
SAM_00037,Zenodo,h85-04-05-18.wav,zenodo_16210020/SITB-OSED/Actor_2Phulbani/h85-04-05-18.wav,Vocal recording sample,neutral,
SAM_00038,Zenodo,sr97-06-05-18.wav,zenodo_16210020/SITB-OSED/Actor_2Phulbani/sr97-06-05-18.wav,Vocal recording sample,neutral,
SAM_00039,Zenodo,d83-02-05-18.wav,zenodo_16210020/SITB-OSED/Actor_2Phulbani/d83-02-05-18.wav,Vocal recording sample,neutral,
SAM_00040,Zenodo,h24-04-05-18.wav,zenodo_16210020/SITB-OSED/Actor_2Phulbani/h24-04-05-18.wav,Vocal recording sample,neutral,
SAM_00041,Zenodo,sr26-06-05-18.wav,zenodo_16210020/SITB-OSED/Actor_2Phulbani/sr26-06-05-18.wav,Vocal recording sample,neutral,
SAM_00042,Zenodo,f41-03-05-18.wav,zenodo_16210020/SITB-OSED/Actor_2Phulbani/f41-03-05-18.wav,Vocal recording sample,neutral,
SAM_00043,Zenodo,s47-05-05-18.wav,zenodo_16210020/SITB-OSED/Actor_2Phulbani/s47-05-05-18.wav,Vocal recording sample,neutral,
SAM_00044,Zenodo,a19-01-05-18.wav,zenodo_16210020/SITB-OSED/Actor_2Phulbani/a19-01-05-18.wav,Vocal recording sample,neutral,
SAM_00045,Zenodo,s56-05-05-18.wav,zenodo_16210020/SITB-OSED/Actor_2Phulbani/s56-05-05-18.wav,Vocal recording sample,neutral,
SAM_00046,Zenodo,a62-01-05-18.wav,zenodo_16210020/SITB-OSED/Actor_2Phulbani/a62-01-05-18.wav,Vocal recording sample,neutral,
SAM_00047,Zenodo,h11-04-05-18.wav,zenodo_16210020/SITB-OSED/Actor_2Phulbani/h11-04-05-18.wav,Vocal recording sample,neutral,
SAM_00048,Zenodo,d54-02-05-18.wav,zenodo_16210020/SITB-OSED/Actor_2Phulbani/d54-02-05-18.wav,Vocal recording sample,neutral,
SAM_00049,Zenodo,h41-04-05-18.wav,zenodo_16210020/SITB-OSED/Actor_2Phulbani/h41-04-05-18.wav,Vocal recording sample,neutral,
SAM_00050,Zenodo,a37-01-05-18.wav,zenodo_16210020/SITB-OSED/Actor_2Phulbani/a37-01-05-18.wav,Vocal recording sample,neutral,
SAM_00051,Zenodo,h2-04-05-18.wav,zenodo_16210020/SITB-OSED/Actor_2Phulbani/h2-04-05-18.wav,Vocal recording sample,neutral,
SAM_00052,Zenodo,a23-01-05-18.wav,zenodo_16210020/SITB-OSED/Actor_2Phulbani/a23-01-05-18.wav,Vocal recording sample,neutral,
SAM_00053,Zenodo,sr11-06-05-18.wav,zenodo_16210020/SITB-OSED/Actor_2Phulbani/sr11-06-05-18.wav,Vocal recording sample,neutral,
SAM_00054,Zenodo,h78-04-05-18.wav,zenodo_16210020/SITB-OSED/Actor_2Phulbani/h78-04-05-18.wav,Vocal recording sample,neutral,
SAM_00055,Zenodo,f17-03-05-18.wav,zenodo_16210020/SITB-OSED/Actor_2Phulbani/f17-03-05-18.wav,Vocal recording sample,neutral,
SAM_00056,Zenodo,f102-03-05-18.wav,zenodo_16210020/SITB-OSED/Actor_2Phulbani/f102-03-05-18.wav,Vocal recording sample,neutral,
SAM_00057,Zenodo,s23-05-05-18.wav,zenodo_16210020/SITB-OSED/Actor_2Phulbani/s23-05-05-18.wav,Vocal recording sample,neutral,
SAM_00058,Zenodo,h49-04-05-18.wav,zenodo_16210020/SITB-OSED/Actor_2Phulbani/h49-04-05-18.wav,Vocal recording sample,neutral,
SAM_00059,Zenodo,s42-05-05-18.wav,zenodo_16210020/SITB-OSED/Actor_2Phulbani/s42-05-05-18.wav,Vocal recording sample,neutral,
SAM_00060,Zenodo,sr96-06-05-18.wav,zenodo_16210020/SITB-OSED/Actor_2Phulbani/sr96-06-05-18.wav,Vocal recording sample,neutral,
SAM_00061,Zenodo,sr100-06-05-18.wav,zenodo_16210020/SITB-OSED/Actor_2Phulbani/sr100-06-05-18.wav,Vocal recording sample,neutral,
SAM_00062,Zenodo,a94-01-05-18.wav,zenodo_16210020/SITB-OSED/Actor_2Phulbani/a94-01-05-18.wav,Vocal recording sample,neutral,
SAM_00063,Zenodo,s65-05-05-18.wav,zenodo_16210020/SITB-OSED/Actor_2Phulbani/s65-05-05-18.wav,Vocal recording sample,neutral,
SAM_00064,Zenodo,a52-01-05-18.wav,zenodo_16210020/SITB-OSED/Actor_2Phulbani/a52-01-05-18.wav,Vocal recording sample,neutral,
SAM_00065,Zenodo,s5-05-05-18.wav,zenodo_16210020/SITB-OSED/Actor_2Phulbani/s5-05-05-18.wav,Vocal recording sample,neutral,
SAM_00066,Zenodo,sr29-06-05-18.wav,zenodo_16210020/SITB-OSED/Actor_2Phulbani/sr29-06-05-18.wav,Vocal recording sample,neutral,
SAM_00067,Zenodo,h77-04-05-18.wav,zenodo_16210020/SITB-OSED/Actor_2Phulbani/h77-04-05-18.wav,Vocal recording sample,neutral,
SAM_00068,Zenodo,a78-01-05-18.wav,zenodo_16210020/SITB-OSED/Actor_2Phulbani/a78-01-05-18.wav,Vocal recording sample,neutral,
SAM_00069,Zenodo,sr1-06-05-18.wav,zenodo_16210020/SITB-OSED/Actor_2Phulbani/sr1-06-05-18.wav,Vocal recording sample,neutral,
SAM_00070,Zenodo,d24-02-05-18.wav,zenodo_16210020/SITB-OSED/Actor_2Phulbani/d24-02-05-18.wav,Vocal recording sample,neutral,
SAM_00071,Zenodo,a102-01-05-18.wav,zenodo_16210020/SITB-OSED/Actor_2Phulbani/a102-01-05-18.wav,Vocal recording sample,neutral,
SAM_00072,Zenodo,a74-01-05-18.wav,zenodo_16210020/SITB-OSED/Actor_2Phulbani/a74-01-05-18.wav,Vocal recording sample,neutral,
SAM_00073,Zenodo,a66-01-05-18.wav,zenodo_16210020/SITB-OSED/Actor_2Phulbani/a66-01-05-18.wav,Vocal recording sample,neutral,
SAM_00074,Zenodo,sr37-06-05-18.wav,zenodo_16210020/SITB-OSED/Actor_2Phulbani/sr37-06-05-18.wav,Vocal recording sample,neutral,
SAM_00075,Zenodo,h37-04-05-18.wav,zenodo_16210020/SITB-OSED/Actor_2Phulbani/h37-04-05-18.wav,Vocal recording sample,neutral,
SAM_00076,Zenodo,h83-04-05-18.wav,zenodo_16210020/SITB-OSED/Actor_2Phulbani/h83-04-05-18.wav,Vocal recording sample,neutral,
SAM_00077,Zenodo,s53-05-05-18.wav,zenodo_16210020/SITB-OSED/Actor_2Phulbani/s53-05-05-18.wav,Vocal recording sample,neutral,
SAM_00078,Zenodo,s54-05-05-18.wav,zenodo_16210020/SITB-OSED/Actor_2Phulbani/s54-05-05-18.wav,Vocal recording sample,neutral,
SAM_00079,Zenodo,sr82-06-05-18.wav,zenodo_16210020/SITB-OSED/Actor_2Phulbani/sr82-06-05-18.wav,Vocal recording sample,neutral,
SAM_00080,Zenodo,s86-05-05-18.wav,zenodo_16210020/SITB-OSED/Actor_2Phulbani/s86-05-05-18.wav,Vocal recording sample,neutral,
SAM_00081,Zenodo,h16-04-05-18.wav,zenodo_16210020/SITB-OSED/Actor_2Phulbani/h16-04-05-18.wav,Vocal recording sample,neutral,
SAM_00082,Zenodo,a8-01-05-18.wav,zenodo_16210020/SITB-OSED/Actor_2Phulbani/a8-01-05-18.wav,Vocal recording sample,neutral,
SAM_00083,Zenodo,d45-02-05-18.wav,zenodo_16210020/SITB-OSED/Actor_2Phulbani/d45-02-05-18.wav,Vocal recording sample,neutral,
SAM_00084,Zenodo,a14-01-05-18.wav,zenodo_16210020/SITB-OSED/Actor_2Phulbani/a14-01-05-18.wav,Vocal recording sample,neutral,
SAM_00085,Zenodo,s19-05-05-18.wav,zenodo_16210020/SITB-OSED/Actor_2Phulbani/s19-05-05-18.wav,Vocal recording sample,neutral,
SAM_00086,Zenodo,sr75-06-05-18.wav,zenodo_16210020/SITB-OSED/Actor_2Phulbani/sr75-06-05-18.wav,Vocal recording sample,neutral,
SAM_00087,Zenodo,h42-04-05-18.wav,zenodo_16210020/SITB-OSED/Actor_2Phulbani/h42-04-05-18.wav,Vocal recording sample,neutral,
SAM_00088,Zenodo,s20-05-05-18.wav,zenodo_16210020/SITB-OSED/Actor_2Phulbani/s20-05-05-18.wav,Vocal recording sample,neutral,
SAM_00089,Zenodo,s7-05-05-18.wav,zenodo_16210020/SITB-OSED/Actor_2Phulbani/s7-05-05-18.wav,Vocal recording sample,neutral,
SAM_00090,Zenodo,sr2-06-05-18.wav,zenodo_16210020/SITB-OSED/Actor_2Phulbani/sr2-06-05-18.wav,Vocal recording sample,neutral,
SAM_00091,Zenodo,a59-01-05-18.wav,zenodo_16210020/SITB-OSED/Actor_2Phulbani/a59-01-05-18.wav,Vocal recording sample,neutral,
SAM_00092,Zenodo,a77-01-05-18.wav,zenodo_16210020/SITB-OSED/Actor_2Phulbani/a77-01-05-18.wav,Vocal recording sample,neutral,
SAM_00093,Zenodo,s90-05-05-18.wav,zenodo_16210020/SITB-OSED/Actor_2Phulbani/s90-05-05-18.wav,Vocal recording sample,neutral,
SAM_00094,Zenodo,a89-01-05-18.wav,zenodo_16210020/SITB-OSED/Actor_2Phulbani/a89-01-05-18.wav,Vocal recording sample,neutral,
SAM_00095,Zenodo,h58-04-05-18.wav,zenodo_16210020/SITB-OSED/Actor_2Phulbani/h58-04-05-18.wav,Vocal recording sample,neutral,
SAM_00096,Zenodo,d41-02-05-18.wav,zenodo_16210020/SITB-OSED/Actor_2Phulbani/d41-02-05-18.wav,Vocal recording sample,neutral,
SAM_00097,Zenodo,sr16-06-05-18.wav,zenodo_16210020/SITB-OSED/Actor_2Phulbani/sr16-06-05-18.wav,Vocal recording sample,neutral,
SAM_00098,Zenodo,h14-04-05-18.wav,zenodo_16210020/SITB-OSED/Actor_2Phulbani/h14-04-05-18.wav,Vocal recording sample,neutral,
SAM_00099,Zenodo,h51-04-05-18.wav,zenodo_16210020/SITB-OSED/Actor_2Phulbani/h51-04-05-18.wav,Vocal recording sample,neutral,
SAM_00100,Zenodo,f103-03-05-18.wav,zenodo_16210020/SITB-OSED/Actor_2Phulbani/f103-03-05-18.wav,Vocal recording sample,neutral,
SAM_00101,Zenodo,s2-05-05-18.wav,zenodo_16210020/SITB-OSED/Actor_2Phulbani/s2-05-05-18.wav,Vocal recording sample,neutral,
SAM_00102,Zenodo,sr53-06-05-18.wav,zenodo_16210020/SITB-OSED/Actor_2Phulbani/sr53-06-05-18.wav,Vocal recording sample,neutral,
SAM_00103,Zenodo,s15-05-05-18.wav,zenodo_16210020/SITB-OSED/Actor_2Phulbani/s15-05-05-18.wav,Vocal recording sample,neutral,
SAM_00104,Zenodo,f32-03-05-18.wav,zenodo_16210020/SITB-OSED/Actor_2Phulbani/f32-03-05-18.wav,Vocal recording sample,neutral,
SAM_00105,Zenodo,d86-02-05-18.wav,zenodo_16210020/SITB-OSED/Actor_2Phulbani/d86-02-05-18.wav,Vocal recording sample,neutral,
SAM_00106,Zenodo,h23-04-05-18.wav,zenodo_16210020/SITB-OSED/Actor_2Phulbani/h23-04-05-18.wav,Vocal recording sample,neutral,
SAM_00107,Zenodo,s94-05-05-18.wav,zenodo_16210020/SITB-OSED/Actor_2Phulbani/s94-05-05-18.wav,Vocal recording sample,neutral,
SAM_00108,Zenodo,f8-03-05-18.wav,zenodo_16210020/SITB-OSED/Actor_2Phulbani/f8-03-05-18.wav,Vocal recording sample,neutral,
SAM_00109,Zenodo,h25-04-05-18.wav,zenodo_16210020/SITB-OSED/Actor_2Phulbani/h25-04-05-18.wav,Vocal recording sample,neutral,
SAM_00110,Zenodo,sr84-06-05-18.wav,zenodo_16210020/SITB-OSED/Actor_2Phulbani/sr84-06-05-18.wav,Vocal recording sample,neutral,
SAM_00111,Zenodo,sr90-06-05-18.wav,zenodo_16210020/SITB-OSED/Actor_2Phulbani/sr90-06-05-18.wav,Vocal recording sample,neutral,
SAM_00112,Zenodo,s33-05-05-18.wav,zenodo_16210020/SITB-OSED/Actor_2Phulbani/s33-05-05-18.wav,Vocal recording sample,neutral,
SAM_00113,Zenodo,sr87-06-05-18.wav,zenodo_16210020/SITB-OSED/Actor_2Phulbani/sr87-06-05-18.wav,Vocal recording sample,neutral,
SAM_00114,Zenodo,d77-02-05-18.wav,zenodo_16210020/SITB-OSED/Actor_2Phulbani/d77-02-05-18.wav,Vocal recording sample,neutral,
SAM_00115,Zenodo,f15-03-05-18.wav,zenodo_16210020/SITB-OSED/Actor_2Phulbani/f15-03-05-18.wav,Vocal recording sample,neutral,
SAM_00116,Zenodo,d23-02-05-18.wav,zenodo_16210020/SITB-OSED/Actor_2Phulbani/d23-02-05-18.wav,Vocal recording sample,neutral,
SAM_00117,Zenodo,s97-05-05-18.wav,zenodo_16210020/SITB-OSED/Actor_2Phulbani/s97-05-05-18.wav,Vocal recording sample,neutral,
SAM_00118,Zenodo,f80-03-05-18.wav,zenodo_16210020/SITB-OSED/Actor_2Phulbani/f80-03-05-18.wav,Vocal recording sample,neutral,
SAM_00119,Zenodo,a5-01-05-18.wav,zenodo_16210020/SITB-OSED/Actor_2Phulbani/a5-01-05-18.wav,Vocal recording sample,neutral,
SAM_00120,Zenodo,sr15-06-05-18.wav,zenodo_16210020/SITB-OSED/Actor_2Phulbani/sr15-06-05-18.wav,Vocal recording sample,neutral,
SAM_00121,Zenodo,d7-02-05-18.wav,zenodo_16210020/SITB-OSED/Actor_2Phulbani/d7-02-05-18.wav,Vocal recording sample,neutral,
SAM_00122,Zenodo,f63-03-05-18.wav,zenodo_16210020/SITB-OSED/Actor_2Phulbani/f63-03-05-18.wav,Vocal recording sample,neutral,
SAM_00123,Zenodo,s35-05-05-18.wav,zenodo_16210020/SITB-OSED/Actor_2Phulbani/s35-05-05-18.wav,Vocal recording sample,neutral,
SAM_00124,Zenodo,d11-02-05-18.wav,zenodo_16210020/SITB-OSED/Actor_2Phulbani/d11-02-05-18.wav,Vocal recording sample,neutral,
SAM_00125,Zenodo,h99-04-05-18.wav,zenodo_16210020/SITB-OSED/Actor_2Phulbani/h99-04-05-18.wav,Vocal recording sample,neutral,
SAM_00126,Zenodo,h29-04-05-18.wav,zenodo_16210020/SITB-OSED/Actor_2Phulbani/h29-04-05-18.wav,Vocal recording sample,neutral,
SAM_00127,Zenodo,h31-04-05-18.wav,zenodo_16210020/SITB-OSED/Actor_2Phulbani/h31-04-05-18.wav,Vocal recording sample,neutral,
SAM_00128,Zenodo,d55-02-05-18.wav,zenodo_16210020/SITB-OSED/Actor_2Phulbani/d55-02-05-18.wav,Vocal recording sample,neutral,
SAM_00129,Zenodo,a6-01-05-18.wav,zenodo_16210020/SITB-OSED/Actor_2Phulbani/a6-01-05-18.wav,Vocal recording sample,neutral,
SAM_00130,Zenodo,s29-05-05-18.wav,zenodo_16210020/SITB-OSED/Actor_2Phulbani/s29-05-05-18.wav,Vocal recording sample,neutral,
SAM_00131,Zenodo,d14-02-05-18.wav,zenodo_16210020/SITB-OSED/Actor_2Phulbani/d14-02-05-18.wav,Vocal recording sample,neutral,
SAM_00132,Zenodo,sr89-06-05-18.wav,zenodo_16210020/SITB-OSED/Actor_2Phulbani/sr89-06-05-18.wav,Vocal recording sample,neutral,
SAM_00133,Zenodo,d31-02-05-18.wav,zenodo_16210020/SITB-OSED/Actor_2Phulbani/d31-02-05-18.wav,Vocal recording sample,neutral,
SAM_00134,Zenodo,s85-05-05-18.wav,zenodo_16210020/SITB-OSED/Actor_2Phulbani/s85-05-05-18.wav,Vocal recording sample,neutral,
SAM_00135,Zenodo,h47-04-05-18.wav,zenodo_16210020/SITB-OSED/Actor_2Phulbani/h47-04-05-18.wav,Vocal recording sample,neutral,
SAM_00136,Zenodo,d51-02-05-18.wav,zenodo_16210020/SITB-OSED/Actor_2Phulbani/d51-02-05-18.wav,Vocal recording sample,neutral,
SAM_00137,Zenodo,d18-02-05-18.wav,zenodo_16210020/SITB-OSED/Actor_2Phulbani/d18-02-05-18.wav,Vocal recording sample,neutral,
SAM_00138,Zenodo,d67-02-05-18.wav,zenodo_16210020/SITB-OSED/Actor_2Phulbani/d67-02-05-18.wav,Vocal recording sample,neutral,
SAM_00139,Zenodo,d85-02-05-18.wav,zenodo_16210020/SITB-OSED/Actor_2Phulbani/d85-02-05-18.wav,Vocal recording sample,neutral,
SAM_00140,Zenodo,a25-01-05-18.wav,zenodo_16210020/SITB-OSED/Actor_2Phulbani/a25-01-05-18.wav,Vocal recording sample,neutral,
SAM_00141,Zenodo,s91-05-05-18.wav,zenodo_16210020/SITB-OSED/Actor_2Phulbani/s91-05-05-18.wav,Vocal recording sample,neutral,
SAM_00142,Zenodo,d94-02-05-18.wav,zenodo_16210020/SITB-OSED/Actor_2Phulbani/d94-02-05-18.wav,Vocal recording sample,neutral,
SAM_00143,Zenodo,sr42-06-05-18.wav,zenodo_16210020/SITB-OSED/Actor_2Phulbani/sr42-06-05-18.wav,Vocal recording sample,neutral,
SAM_00144,Zenodo,d19-02-05-18.wav,zenodo_16210020/SITB-OSED/Actor_2Phulbani/d19-02-05-18.wav,Vocal recording sample,neutral,
SAM_00145,Zenodo,s9-05-05-18.wav,zenodo_16210020/SITB-OSED/Actor_2Phulbani/s9-05-05-18.wav,Vocal recording sample,neutral,
SAM_00146,Zenodo,s13-05-05-18.wav,zenodo_16210020/SITB-OSED/Actor_2Phulbani/s13-05-05-18.wav,Vocal recording sample,neutral,
SAM_00147,Zenodo,sr69-06-05-18.wav,zenodo_16210020/SITB-OSED/Actor_2Phulbani/sr69-06-05-18.wav,Vocal recording sample,neutral,
SAM_00148,Zenodo,sr49-06-05-18.wav,zenodo_16210020/SITB-OSED/Actor_2Phulbani/sr49-06-05-18.wav,Vocal recording sample,neutral,
SAM_00149,Zenodo,d47-02-05-18.wav,zenodo_16210020/SITB-OSED/Actor_2Phulbani/d47-02-05-18.wav,Vocal recording sample,neutral,
SAM_00150,Zenodo,a87-01-05-18.wav,zenodo_16210020/SITB-OSED/Actor_2Phulbani/a87-01-05-18.wav,Vocal recording sample,neutral,
SAM_00151,Zenodo,d92-02-05-18.wav,zenodo_16210020/SITB-OSED/Actor_2Phulbani/d92-02-05-18.wav,Vocal recording sample,neutral,
SAM_00152,Zenodo,h21-04-05-18.wav,zenodo_16210020/SITB-OSED/Actor_2Phulbani/h21-04-05-18.wav,Vocal recording sample,neutral,
SAM_00153,Zenodo,a27-01-05-18.wav,zenodo_16210020/SITB-OSED/Actor_2Phulbani/a27-01-05-18.wav,Vocal recording sample,neutral,
SAM_00154,Zenodo,f20-03-05-18.wav,zenodo_16210020/SITB-OSED/Actor_2Phulbani/f20-03-05-18.wav,Vocal recording sample,neutral,
SAM_00155,Zenodo,sr101-06-05-18.wav,zenodo_16210020/SITB-OSED/Actor_2Phulbani/sr101-06-05-18.wav,Vocal recording sample,neutral,
SAM_00156,Zenodo,sr62-06-05-18.wav,zenodo_16210020/SITB-OSED/Actor_2Phulbani/sr62-06-05-18.wav,Vocal recording sample,neutral,
SAM_00157,Zenodo,f25-03-05-18.wav,zenodo_16210020/SITB-OSED/Actor_2Phulbani/f25-03-05-18.wav,Vocal recording sample,neutral,
SAM_00158,Zenodo,h19-04-05-18.wav,zenodo_16210020/SITB-OSED/Actor_2Phulbani/h19-04-05-18.wav,Vocal recording sample,neutral,
SAM_00159,Zenodo,h72-04-05-18.wav,zenodo_16210020/SITB-OSED/Actor_2Phulbani/h72-04-05-18.wav,Vocal recording sample,neutral,
SAM_00160,Zenodo,f6-03-05-18.wav,zenodo_16210020/SITB-OSED/Actor_2Phulbani/f6-03-05-18.wav,Vocal recording sample,neutral,
SAM_00161,Zenodo,a86-01-05-18.wav,zenodo_16210020/SITB-OSED/Actor_2Phulbani/a86-01-05-18.wav,Vocal recording sample,neutral,
SAM_00162,Zenodo,a85-01-05-18.wav,zenodo_16210020/SITB-OSED/Actor_2Phulbani/a85-01-05-18.wav,Vocal recording sample,neutral,
SAM_00163,Zenodo,sr65-06-05-18.wav,zenodo_16210020/SITB-OSED/Actor_2Phulbani/sr65-06-05-18.wav,Vocal recording sample,neutral,
SAM_00164,Zenodo,f27-03-05-18.wav,zenodo_16210020/SITB-OSED/Actor_2Phulbani/f27-03-05-18.wav,Vocal recording sample,neutral,
SAM_00165,Zenodo,sr38-06-05-18.wav,zenodo_16210020/SITB-OSED/Actor_2Phulbani/sr38-06-05-18.wav,Vocal recording sample,neutral,
SAM_00166,Zenodo,s21-05-05-18.wav,zenodo_16210020/SITB-OSED/Actor_2Phulbani/s21-05-05-18.wav,Vocal recording sample,neutral,
SAM_00167,Zenodo,d3-02-05-18.wav,zenodo_16210020/SITB-OSED/Actor_2Phulbani/d3-02-05-18.wav,Vocal recording sample,neutral,
SAM_00168,Zenodo,f58-03-05-18.wav,zenodo_16210020/SITB-OSED/Actor_2Phulbani/f58-03-05-18.wav,Vocal recording sample,neutral,
SAM_00169,Zenodo,d6-02-05-18.wav,zenodo_16210020/SITB-OSED/Actor_2Phulbani/d6-02-05-18.wav,Vocal recording sample,neutral,
SAM_00170,Zenodo,sr86-06-05-18.wav,zenodo_16210020/SITB-OSED/Actor_2Phulbani/sr86-06-05-18.wav,Vocal recording sample,neutral,
SAM_00171,Zenodo,h94-04-05-18.wav,zenodo_16210020/SITB-OSED/Actor_2Phulbani/h94-04-05-18.wav,Vocal recording sample,neutral,
SAM_00172,Zenodo,f46-03-05-18.wav,zenodo_16210020/SITB-OSED/Actor_2Phulbani/f46-03-05-18.wav,Vocal recording sample,neutral,
SAM_00173,Zenodo,s14-05-05-18.wav,zenodo_16210020/SITB-OSED/Actor_2Phulbani/s14-05-05-18.wav,Vocal recording sample,neutral,
SAM_00174,Zenodo,s45-05-05-18.wav,zenodo_16210020/SITB-OSED/Actor_2Phulbani/s45-05-05-18.wav,Vocal recording sample,neutral,
SAM_00175,Zenodo,f73-03-05-18.wav,zenodo_16210020/SITB-OSED/Actor_2Phulbani/f73-03-05-18.wav,Vocal recording sample,neutral,
SAM_00176,Zenodo,d38-02-05-18.wav,zenodo_16210020/SITB-OSED/Actor_2Phulbani/d38-02-05-18.wav,Vocal recording sample,neutral,
SAM_00177,Zenodo,sr36-06-05-18.wav,zenodo_16210020/SITB-OSED/Actor_2Phulbani/sr36-06-05-18.wav,Vocal recording sample,neutral,
SAM_00178,Zenodo,f99-03-05-18.wav,zenodo_16210020/SITB-OSED/Actor_2Phulbani/f99-03-05-18.wav,Vocal recording sample,neutral,
SAM_00179,Zenodo,d33-02-05-18.wav,zenodo_16210020/SITB-OSED/Actor_2Phulbani/d33-02-05-18.wav,Vocal recording sample,neutral,
SAM_00180,Zenodo,f12-03-05-18.wav,zenodo_16210020/SITB-OSED/Actor_2Phulbani/f12-03-05-18.wav,Vocal recording sample,neutral,
SAM_00181,Zenodo,s38-05-05-18.wav,zenodo_16210020/SITB-OSED/Actor_2Phulbani/s38-05-05-18.wav,Vocal recording sample,neutral,
SAM_00182,Zenodo,sr33-06-05-18.wav,zenodo_16210020/SITB-OSED/Actor_2Phulbani/sr33-06-05-18.wav,Vocal recording sample,neutral,
SAM_00183,Zenodo,s32-05-05-18.wav,zenodo_16210020/SITB-OSED/Actor_2Phulbani/s32-05-05-18.wav,Vocal recording sample,neutral,
SAM_00184,Zenodo,a21-01-05-18.wav,zenodo_16210020/SITB-OSED/Actor_2Phulbani/a21-01-05-18.wav,Vocal recording sample,neutral,
SAM_00185,Zenodo,h68-04-05-18.wav,zenodo_16210020/SITB-OSED/Actor_2Phulbani/h68-04-05-18.wav,Vocal recording sample,neutral,
SAM_00186,Zenodo,d75-02-05-18.wav,zenodo_16210020/SITB-OSED/Actor_2Phulbani/d75-02-05-18.wav,Vocal recording sample,neutral,
SAM_00187,Zenodo,s67-05-05-18.wav,zenodo_16210020/SITB-OSED/Actor_2Phulbani/s67-05-05-18.wav,Vocal recording sample,neutral,
SAM_00188,Zenodo,h39-04-05-18.wav,zenodo_16210020/SITB-OSED/Actor_2Phulbani/h39-04-05-18.wav,Vocal recording sample,neutral,
SAM_00189,Zenodo,sr31-06-05-18.wav,zenodo_16210020/SITB-OSED/Actor_2Phulbani/sr31-06-05-18.wav,Vocal recording sample,neutral,
SAM_00190,Zenodo,f39-03-05-18.wav,zenodo_16210020/SITB-OSED/Actor_2Phulbani/f39-03-05-18.wav,Vocal recording sample,neutral,
SAM_00191,Zenodo,h28-04-05-18.wav,zenodo_16210020/SITB-OSED/Actor_2Phulbani/h28-04-05-18.wav,Vocal recording sample,neutral,
SAM_00192,Zenodo,sr83-06-05-18.wav,zenodo_16210020/SITB-OSED/Actor_2Phulbani/sr83-06-05-18.wav,Vocal recording sample,neutral,
SAM_00193,Zenodo,a3-01-05-18.wav,zenodo_16210020/SITB-OSED/Actor_2Phulbani/a3-01-05-18.wav,Vocal recording sample,neutral,
SAM_00194,Zenodo,a36-01-05-18.wav,zenodo_16210020/SITB-OSED/Actor_2Phulbani/a36-01-05-18.wav,Vocal recording sample,neutral,
SAM_00195,Zenodo,f84-03-05-18.wav,zenodo_16210020/SITB-OSED/Actor_2Phulbani/f84-03-05-18.wav,Vocal recording sample,neutral,
SAM_00196,Zenodo,h98-04-05-18.wav,zenodo_16210020/SITB-OSED/Actor_2Phulbani/h98-04-05-18.wav,Vocal recording sample,neutral,
SAM_00197,Zenodo,d12-02-05-18.wav,zenodo_16210020/SITB-OSED/Actor_2Phulbani/d12-02-05-18.wav,Vocal recording sample,neutral,
SAM_00198,Zenodo,f3-03-05-18.wav,zenodo_16210020/SITB-OSED/Actor_2Phulbani/f3-03-05-18.wav,Vocal recording sample,neutral,
SAM_00199,Zenodo,h1-04-05-18.wav,zenodo_16210020/SITB-OSED/Actor_2Phulbani/h1-04-05-18.wav,Vocal recording sample,neutral,
SAM_00200,Zenodo,a20-01-05-18.wav,zenodo_16210020/SITB-OSED/Actor_2Phulbani/a20-01-05-18.wav,Vocal recording sample,neutral,
SAM_00201,Zenodo,a51-01-05-18.wav,zenodo_16210020/SITB-OSED/Actor_2Phulbani/a51-01-05-18.wav,Vocal recording sample,neutral,
SAM_00202,Zenodo,h82-04-05-18.wav,zenodo_16210020/SITB-OSED/Actor_2Phulbani/h82-04-05-18.wav,Vocal recording sample,neutral,
SAM_00203,Zenodo,h92-04-05-18.wav,zenodo_16210020/SITB-OSED/Actor_2Phulbani/h92-04-05-18.wav,Vocal recording sample,neutral,
SAM_00204,Zenodo,h88-04-05-18.wav,zenodo_16210020/SITB-OSED/Actor_2Phulbani/h88-04-05-18.wav,Vocal recording sample,neutral,
SAM_00205,Zenodo,h70-04-05-18.wav,zenodo_16210020/SITB-OSED/Actor_2Phulbani/h70-04-05-18.wav,Vocal recording sample,neutral,
SAM_00206,Zenodo,a12-01-05-18.wav,zenodo_16210020/SITB-OSED/Actor_2Phulbani/a12-01-05-18.wav,Vocal recording sample,neutral,
SAM_00207,Zenodo,f94-03-05-18.wav,zenodo_16210020/SITB-OSED/Actor_2Phulbani/f94-03-05-18.wav,Vocal recording sample,neutral,
SAM_00208,Zenodo,sr79-06-05-18.wav,zenodo_16210020/SITB-OSED/Actor_2Phulbani/sr79-06-05-18.wav,Vocal recording sample,neutral,
SAM_00209,Zenodo,s51-05-05-18.wav,zenodo_16210020/SITB-OSED/Actor_2Phulbani/s51-05-05-18.wav,Vocal recording sample,neutral,
SAM_00210,Zenodo,h5-04-05-18.wav,zenodo_16210020/SITB-OSED/Actor_2Phulbani/h5-04-05-18.wav,Vocal recording sample,neutral,
SAM_00211,Zenodo,f44-03-05-18.wav,zenodo_16210020/SITB-OSED/Actor_2Phulbani/f44-03-05-18.wav,Vocal recording sample,neutral,
SAM_00212,Zenodo,d17-02-05-18.wav,zenodo_16210020/SITB-OSED/Actor_2Phulbani/d17-02-05-18.wav,Vocal recording sample,neutral,
SAM_00213,Zenodo,d25-02-05-18.wav,zenodo_16210020/SITB-OSED/Actor_2Phulbani/d25-02-05-18.wav,Vocal recording sample,neutral,
SAM_00214,Zenodo,a46-01-05-18.wav,zenodo_16210020/SITB-OSED/Actor_2Phulbani/a46-01-05-18.wav,Vocal recording sample,neutral,
SAM_00215,Zenodo,sr10-06-05-18.wav,zenodo_16210020/SITB-OSED/Actor_2Phulbani/sr10-06-05-18.wav,Vocal recording sample,neutral,
SAM_00216,Zenodo,d10-02-05-18.wav,zenodo_16210020/SITB-OSED/Actor_2Phulbani/d10-02-05-18.wav,Vocal recording sample,neutral,
SAM_00217,Zenodo,f79-03-05-18.wav,zenodo_16210020/SITB-OSED/Actor_2Phulbani/f79-03-05-18.wav,Vocal recording sample,neutral,
SAM_00218,Zenodo,a44-01-05-18.wav,zenodo_16210020/SITB-OSED/Actor_2Phulbani/a44-01-05-18.wav,Vocal recording sample,neutral,
SAM_00219,Zenodo,f21-03-05-18.wav,zenodo_16210020/SITB-OSED/Actor_2Phulbani/f21-03-05-18.wav,Vocal recording sample,neutral,
SAM_00220,Zenodo,a99-01-05-18.wav,zenodo_16210020/SITB-OSED/Actor_2Phulbani/a99-01-05-18.wav,Vocal recording sample,neutral,
SAM_00221,Zenodo,h15-04-05-18.wav,zenodo_16210020/SITB-OSED/Actor_2Phulbani/h15-04-05-18.wav,Vocal recording sample,neutral,
SAM_00222,Zenodo,f87-03-05-18.wav,zenodo_16210020/SITB-OSED/Actor_2Phulbani/f87-03-05-18.wav,Vocal recording sample,neutral,
SAM_00223,Zenodo,d34-02-05-18.wav,zenodo_16210020/SITB-OSED/Actor_2Phulbani/d34-02-05-18.wav,Vocal recording sample,neutral,
SAM_00224,Zenodo,d1-02-05-18.wav,zenodo_16210020/SITB-OSED/Actor_2Phulbani/d1-02-05-18.wav,Vocal recording sample,neutral,
SAM_00225,Zenodo,h95-04-05-18.wav,zenodo_16210020/SITB-OSED/Actor_2Phulbani/h95-04-05-18.wav,Vocal recording sample,neutral,
SAM_00226,Zenodo,h96-04-05-18.wav,zenodo_16210020/SITB-OSED/Actor_2Phulbani/h96-04-05-18.wav,Vocal recording sample,neutral,
SAM_00227,Zenodo,a34-01-05-18.wav,zenodo_16210020/SITB-OSED/Actor_2Phulbani/a34-01-05-18.wav,Vocal recording sample,neutral,
SAM_00228,Zenodo,f45-03-05-18.wav,zenodo_16210020/SITB-OSED/Actor_2Phulbani/f45-03-05-18.wav,Vocal recording sample,neutral,
SAM_00229,Zenodo,d61-02-05-18.wav,zenodo_16210020/SITB-OSED/Actor_2Phulbani/d61-02-05-18.wav,Vocal recording sample,neutral,
SAM_00230,Zenodo,d40-02-05-18.wav,zenodo_16210020/SITB-OSED/Actor_2Phulbani/d40-02-05-18.wav,Vocal recording sample,neutral,
SAM_00231,Zenodo,f91-03-05-18.wav,zenodo_16210020/SITB-OSED/Actor_2Phulbani/f91-03-05-18.wav,Vocal recording sample,neutral,
SAM_00232,Zenodo,s3-05-05-18.wav,zenodo_16210020/SITB-OSED/Actor_2Phulbani/s3-05-05-18.wav,Vocal recording sample,neutral,
SAM_00233,Zenodo,h48-04-05-18.wav,zenodo_16210020/SITB-OSED/Actor_2Phulbani/h48-04-05-18.wav,Vocal recording sample,neutral,
SAM_00234,Zenodo,s10-05-05-18.wav,zenodo_16210020/SITB-OSED/Actor_2Phulbani/s10-05-05-18.wav,Vocal recording sample,neutral,
SAM_00235,Zenodo,a56-01-05-18.wav,zenodo_16210020/SITB-OSED/Actor_2Phulbani/a56-01-05-18.wav,Vocal recording sample,neutral,
SAM_00236,Zenodo,f53-03-05-18.wav,zenodo_16210020/SITB-OSED/Actor_2Phulbani/f53-03-05-18.wav,Vocal recording sample,neutral,
SAM_00237,Zenodo,sr56-06-05-18.wav,zenodo_16210020/SITB-OSED/Actor_2Phulbani/sr56-06-05-18.wav,Vocal recording sample,neutral,
SAM_00238,Zenodo,f29-03-05-18.wav,zenodo_16210020/SITB-OSED/Actor_2Phulbani/f29-03-05-18.wav,Vocal recording sample,neutral,
SAM_00239,Zenodo,h26-04-05-18.wav,zenodo_16210020/SITB-OSED/Actor_2Phulbani/h26-04-05-18.wav,Vocal recording sample,neutral,
SAM_00240,Zenodo,f89-03-05-18.wav,zenodo_16210020/SITB-OSED/Actor_2Phulbani/f89-03-05-18.wav,Vocal recording sample,neutral,
SAM_00241,Zenodo,s12-05-05-18.wav,zenodo_16210020/SITB-OSED/Actor_2Phulbani/s12-05-05-18.wav,Vocal recording sample,neutral,
SAM_00242,Zenodo,sr47-06-05-18.wav,zenodo_16210020/SITB-OSED/Actor_2Phulbani/sr47-06-05-18.wav,Vocal recording sample,neutral,
SAM_00243,Zenodo,sr88-06-05-18.wav,zenodo_16210020/SITB-OSED/Actor_2Phulbani/sr88-06-05-18.wav,Vocal recording sample,neutral,
SAM_00244,Zenodo,h17-04-05-18.wav,zenodo_16210020/SITB-OSED/Actor_2Phulbani/h17-04-05-18.wav,Vocal recording sample,neutral,
SAM_00245,Zenodo,s72-05-05-18.wav,zenodo_16210020/SITB-OSED/Actor_2Phulbani/s72-05-05-18.wav,Vocal recording sample,neutral,
SAM_00246,Zenodo,a15-01-05-18.wav,zenodo_16210020/SITB-OSED/Actor_2Phulbani/a15-01-05-18.wav,Vocal recording sample,neutral,
SAM_00247,Zenodo,f7-03-05-18.wav,zenodo_16210020/SITB-OSED/Actor_2Phulbani/f7-03-05-18.wav,Vocal recording sample,neutral,
SAM_00248,Zenodo,s76-05-05-18.wav,zenodo_16210020/SITB-OSED/Actor_2Phulbani/s76-05-05-18.wav,Vocal recording sample,neutral,
SAM_00249,Zenodo,f70-03-05-18.wav,zenodo_16210020/SITB-OSED/Actor_2Phulbani/f70-03-05-18.wav,Vocal recording sample,neutral,
SAM_00250,Zenodo,s16-05-05-18.wav,zenodo_16210020/SITB-OSED/Actor_2Phulbani/s16-05-05-18.wav,Vocal recording sample,neutral,
SAM_00251,Zenodo,d72-02-05-18.wav,zenodo_16210020/SITB-OSED/Actor_2Phulbani/d72-02-05-18.wav,Vocal recording sample,neutral,
SAM_00252,Zenodo,a63-01-05-18.wav,zenodo_16210020/SITB-OSED/Actor_2Phulbani/a63-01-05-18.wav,Vocal recording sample,neutral,
SAM_00253,Zenodo,f67-03-05-18.wav,zenodo_16210020/SITB-OSED/Actor_2Phulbani/f67-03-05-18.wav,Vocal recording sample,neutral,
SAM_00254,Zenodo,f56-03-05-18.wav,zenodo_16210020/SITB-OSED/Actor_2Phulbani/f56-03-05-18.wav,Vocal recording sample,neutral,
SAM_00255,Zenodo,d4-02-05-18.wav,zenodo_16210020/SITB-OSED/Actor_2Phulbani/d4-02-05-18.wav,Vocal recording sample,neutral,
SAM_00256,Zenodo,h106-04-05-18.wav,zenodo_16210020/SITB-OSED/Actor_2Phulbani/h106-04-05-18.wav,Vocal recording sample,neutral,
SAM_00257,Zenodo,f11-03-05-18.wav,zenodo_16210020/SITB-OSED/Actor_2Phulbani/f11-03-05-18.wav,Vocal recording sample,neutral,
SAM_00258,Zenodo,f100-03-05-18.wav,zenodo_16210020/SITB-OSED/Actor_2Phulbani/f100-03-05-18.wav,Vocal recording sample,neutral,
SAM_00259,Zenodo,f65-03-05-18.wav,zenodo_16210020/SITB-OSED/Actor_2Phulbani/f65-03-05-18.wav,Vocal recording sample,neutral,
SAM_00260,Zenodo,f82-03-05-18.wav,zenodo_16210020/SITB-OSED/Actor_2Phulbani/f82-03-05-18.wav,Vocal recording sample,neutral,
SAM_00261,Zenodo,s69-05-05-18.wav,zenodo_16210020/SITB-OSED/Actor_2Phulbani/s69-05-05-18.wav,Vocal recording sample,neutral,
SAM_00262,Zenodo,a42-01-05-18.wav,zenodo_16210020/SITB-OSED/Actor_2Phulbani/a42-01-05-18.wav,Vocal recording sample,neutral,
SAM_00263,Zenodo,d70-02-05-18.wav,zenodo_16210020/SITB-OSED/Actor_2Phulbani/d70-02-05-18.wav,Vocal recording sample,neutral,
SAM_00264,Zenodo,s62-05-05-18.wav,zenodo_16210020/SITB-OSED/Actor_2Phulbani/s62-05-05-18.wav,Vocal recording sample,neutral,
SAM_00265,Zenodo,s57-05-05-18.wav,zenodo_16210020/SITB-OSED/Actor_2Phulbani/s57-05-05-18.wav,Vocal recording sample,neutral,
SAM_00266,Zenodo,a41-01-05-18.wav,zenodo_16210020/SITB-OSED/Actor_2Phulbani/a41-01-05-18.wav,Vocal recording sample,neutral,
SAM_00267,Zenodo,s73-05-05-18.wav,zenodo_16210020/SITB-OSED/Actor_2Phulbani/s73-05-05-18.wav,Vocal recording sample,neutral,
SAM_00268,Zenodo,f13-03-05-18.wav,zenodo_16210020/SITB-OSED/Actor_2Phulbani/f13-03-05-18.wav,Vocal recording sample,neutral,
SAM_00269,Zenodo,a55-01-05-18.wav,zenodo_16210020/SITB-OSED/Actor_2Phulbani/a55-01-05-18.wav,Vocal recording sample,neutral,
SAM_00270,Zenodo,d98-02-05-18.wav,zenodo_16210020/SITB-OSED/Actor_2Phulbani/d98-02-05-18.wav,Vocal recording sample,neutral,
SAM_00271,Zenodo,h61-04-05-18.wav,zenodo_16210020/SITB-OSED/Actor_2Phulbani/h61-04-05-18.wav,Vocal recording sample,neutral,
SAM_00272,Zenodo,f49-03-05-18.wav,zenodo_16210020/SITB-OSED/Actor_2Phulbani/f49-03-05-18.wav,Vocal recording sample,neutral,
SAM_00273,Zenodo,d76-02-05-18.wav,zenodo_16210020/SITB-OSED/Actor_2Phulbani/d76-02-05-18.wav,Vocal recording sample,neutral,
SAM_00274,Zenodo,d78-02-05-18.wav,zenodo_16210020/SITB-OSED/Actor_2Phulbani/d78-02-05-18.wav,Vocal recording sample,neutral,
SAM_00275,Zenodo,d39-02-05-18.wav,zenodo_16210020/SITB-OSED/Actor_2Phulbani/d39-02-05-18.wav,Vocal recording sample,neutral,
SAM_00276,Zenodo,s44-05-05-18.wav,zenodo_16210020/SITB-OSED/Actor_2Phulbani/s44-05-05-18.wav,Vocal recording sample,neutral,
SAM_00277,Zenodo,s75-05-05-18.wav,zenodo_16210020/SITB-OSED/Actor_2Phulbani/s75-05-05-18.wav,Vocal recording sample,neutral,
SAM_00278,Zenodo,f33-03-05-18.wav,zenodo_16210020/SITB-OSED/Actor_2Phulbani/f33-03-05-18.wav,Vocal recording sample,neutral,
SAM_00279,Zenodo,s60-05-05-18.wav,zenodo_16210020/SITB-OSED/Actor_2Phulbani/s60-05-05-18.wav,Vocal recording sample,neutral,
SAM_00280,Zenodo,sr103-06-05-18.wav,zenodo_16210020/SITB-OSED/Actor_2Phulbani/sr103-06-05-18.wav,Vocal recording sample,neutral,
SAM_00281,Zenodo,sr45-06-05-18.wav,zenodo_16210020/SITB-OSED/Actor_2Phulbani/sr45-06-05-18.wav,Vocal recording sample,neutral,
SAM_00282,Zenodo,sr6-06-05-18.wav,zenodo_16210020/SITB-OSED/Actor_2Phulbani/sr6-06-05-18.wav,Vocal recording sample,neutral,
SAM_00283,Zenodo,s70-05-05-18.wav,zenodo_16210020/SITB-OSED/Actor_2Phulbani/s70-05-05-18.wav,Vocal recording sample,neutral,
SAM_00284,Zenodo,a40-01-05-18.wav,zenodo_16210020/SITB-OSED/Actor_2Phulbani/a40-01-05-18.wav,Vocal recording sample,neutral,
SAM_00285,Zenodo,h59-04-05-18.wav,zenodo_16210020/SITB-OSED/Actor_2Phulbani/h59-04-05-18.wav,Vocal recording sample,neutral,
SAM_00286,Zenodo,sr93-06-05-18.wav,zenodo_16210020/SITB-OSED/Actor_2Phulbani/sr93-06-05-18.wav,Vocal recording sample,neutral,
SAM_00287,Zenodo,s39-05-05-18.wav,zenodo_16210020/SITB-OSED/Actor_2Phulbani/s39-05-05-18.wav,Vocal recording sample,neutral,
SAM_00288,Zenodo,h64-04-05-18.wav,zenodo_16210020/SITB-OSED/Actor_2Phulbani/h64-04-05-18.wav,Vocal recording sample,neutral,
SAM_00289,Zenodo,s64-05-05-18.wav,zenodo_16210020/SITB-OSED/Actor_2Phulbani/s64-05-05-18.wav,Vocal recording sample,neutral,
SAM_00290,Zenodo,h22-04-05-18.wav,zenodo_16210020/SITB-OSED/Actor_2Phulbani/h22-04-05-18.wav,Vocal recording sample,neutral,
SAM_00291,Zenodo,sr3-06-05-18.wav,zenodo_16210020/SITB-OSED/Actor_2Phulbani/sr3-06-05-18.wav,Vocal recording sample,neutral,
SAM_00292,Zenodo,d60-02-05-18.wav,zenodo_16210020/SITB-OSED/Actor_2Phulbani/d60-02-05-18.wav,Vocal recording sample,neutral,
SAM_00293,Zenodo,f34-03-05-18.wav,zenodo_16210020/SITB-OSED/Actor_2Phulbani/f34-03-05-18.wav,Vocal recording sample,neutral,
SAM_00294,Zenodo,h65-04-05-18.wav,zenodo_16210020/SITB-OSED/Actor_2Phulbani/h65-04-05-18.wav,Vocal recording sample,neutral,
SAM_00295,Zenodo,d32-02-05-18.wav,zenodo_16210020/SITB-OSED/Actor_2Phulbani/d32-02-05-18.wav,Vocal recording sample,neutral,
SAM_00296,Zenodo,a70-01-05-18.wav,zenodo_16210020/SITB-OSED/Actor_2Phulbani/a70-01-05-18.wav,Vocal recording sample,neutral,
SAM_00297,Zenodo,h50-04-05-18.wav,zenodo_16210020/SITB-OSED/Actor_2Phulbani/h50-04-05-18.wav,Vocal recording sample,neutral,
SAM_00298,Zenodo,f35-03-05-18.wav,zenodo_16210020/SITB-OSED/Actor_2Phulbani/f35-03-05-18.wav,Vocal recording sample,neutral,
SAM_00299,Zenodo,a17-01-05-18.wav,zenodo_16210020/SITB-OSED/Actor_2Phulbani/a17-01-05-18.wav,Vocal recording sample,neutral,
SAM_00300,Zenodo,f62-03-05-18.wav,zenodo_16210020/SITB-OSED/Actor_2Phulbani/f62-03-05-18.wav,Vocal recording sample,neutral,
SAM_00301,Zenodo,s77-05-05-18.wav,zenodo_16210020/SITB-OSED/Actor_2Phulbani/s77-05-05-18.wav,Vocal recording sample,neutral,
SAM_00302,Zenodo,h40-04-05-18.wav,zenodo_16210020/SITB-OSED/Actor_2Phulbani/h40-04-05-18.wav,Vocal recording sample,neutral,
SAM_00303,Zenodo,d48-02-05-18.wav,zenodo_16210020/SITB-OSED/Actor_2Phulbani/d48-02-05-18.wav,Vocal recording sample,neutral,
SAM_00304,Zenodo,f23-03-05-18.wav,zenodo_16210020/SITB-OSED/Actor_2Phulbani/f23-03-05-18.wav,Vocal recording sample,neutral,
SAM_00305,Zenodo,f90-03-05-18.wav,zenodo_16210020/SITB-OSED/Actor_2Phulbani/f90-03-05-18.wav,Vocal recording sample,neutral,
SAM_00306,Zenodo,sr35-06-05-18.wav,zenodo_16210020/SITB-OSED/Actor_2Phulbani/sr35-06-05-18.wav,Vocal recording sample,neutral,
SAM_00307,Zenodo,d96-02-05-18.wav,zenodo_16210020/SITB-OSED/Actor_2Phulbani/d96-02-05-18.wav,Vocal recording sample,neutral,
SAM_00308,Zenodo,f55-03-05-18.wav,zenodo_16210020/SITB-OSED/Actor_2Phulbani/f55-03-05-18.wav,Vocal recording sample,neutral,
SAM_00309,Zenodo,sr43-06-05-18.wav,zenodo_16210020/SITB-OSED/Actor_2Phulbani/sr43-06-05-18.wav,Vocal recording sample,neutral,
SAM_00310,Zenodo,f57-03-05-18.wav,zenodo_16210020/SITB-OSED/Actor_2Phulbani/f57-03-05-18.wav,Vocal recording sample,neutral,
SAM_00311,Zenodo,d9-02-05-18.wav,zenodo_16210020/SITB-OSED/Actor_2Phulbani/d9-02-05-18.wav,Vocal recording sample,neutral,
SAM_00312,Zenodo,d93-02-05-18.wav,zenodo_16210020/SITB-OSED/Actor_2Phulbani/d93-02-05-18.wav,Vocal recording sample,neutral,
SAM_00313,Zenodo,h43-04-05-18.wav,zenodo_16210020/SITB-OSED/Actor_2Phulbani/h43-04-05-18.wav,Vocal recording sample,neutral,
SAM_00314,Zenodo,sr12-06-05-18.wav,zenodo_16210020/SITB-OSED/Actor_2Phulbani/sr12-06-05-18.wav,Vocal recording sample,neutral,
SAM_00315,Zenodo,a22-01-05-18.wav,zenodo_16210020/SITB-OSED/Actor_2Phulbani/a22-01-05-18.wav,Vocal recording sample,neutral,
SAM_00316,Zenodo,h55-04-05-18.wav,zenodo_16210020/SITB-OSED/Actor_2Phulbani/h55-04-05-18.wav,Vocal recording sample,neutral,
SAM_00317,Zenodo,f101-03-05-18.wav,zenodo_16210020/SITB-OSED/Actor_2Phulbani/f101-03-05-18.wav,Vocal recording sample,neutral,
SAM_00318,Zenodo,f5-03-05-18.wav,zenodo_16210020/SITB-OSED/Actor_2Phulbani/f5-03-05-18.wav,Vocal recording sample,neutral,
SAM_00319,Zenodo,s78-05-05-18.wav,zenodo_16210020/SITB-OSED/Actor_2Phulbani/s78-05-05-18.wav,Vocal recording sample,neutral,
SAM_00320,Zenodo,d52-02-05-18.wav,zenodo_16210020/SITB-OSED/Actor_2Phulbani/d52-02-05-18.wav,Vocal recording sample,neutral,
SAM_00321,Zenodo,a1-01-05-18.wav,zenodo_16210020/SITB-OSED/Actor_2Phulbani/a1-01-05-18.wav,Vocal recording sample,neutral,
SAM_00322,Zenodo,sr21-06-05-18.wav,zenodo_16210020/SITB-OSED/Actor_2Phulbani/sr21-06-05-18.wav,Vocal recording sample,neutral,
SAM_00323,Zenodo,sr39-06-05-18.wav,zenodo_16210020/SITB-OSED/Actor_2Phulbani/sr39-06-05-18.wav,Vocal recording sample,neutral,
SAM_00324,Zenodo,f36-03-05-18.wav,zenodo_16210020/SITB-OSED/Actor_2Phulbani/f36-03-05-18.wav,Vocal recording sample,neutral,
SAM_00325,Zenodo,d5-02-05-18.wav,zenodo_16210020/SITB-OSED/Actor_2Phulbani/d5-02-05-18.wav,Vocal recording sample,neutral,
SAM_00326,Zenodo,a54-01-05-18.wav,zenodo_16210020/SITB-OSED/Actor_2Phulbani/a54-01-05-18.wav,Vocal recording sample,neutral,
SAM_00327,Zenodo,f60-03-05-18.wav,zenodo_16210020/SITB-OSED/Actor_2Phulbani/f60-03-05-18.wav,Vocal recording sample,neutral,
SAM_00328,Zenodo,s82-05-05-18.wav,zenodo_16210020/SITB-OSED/Actor_2Phulbani/s82-05-05-18.wav,Vocal recording sample,neutral,
SAM_00329,Zenodo,f4-03-05-18.wav,zenodo_16210020/SITB-OSED/Actor_2Phulbani/f4-03-05-18.wav,Vocal recording sample,neutral,
SAM_00330,Zenodo,a73-01-05-18.wav,zenodo_16210020/SITB-OSED/Actor_2Phulbani/a73-01-05-18.wav,Vocal recording sample,neutral,
SAM_00331,Zenodo,sr107-06-05-18.wav,zenodo_16210020/SITB-OSED/Actor_2Phulbani/sr107-06-05-18.wav,Vocal recording sample,neutral,
SAM_00332,Zenodo,f81-03-05-18.wav,zenodo_16210020/SITB-OSED/Actor_2Phulbani/f81-03-05-18.wav,Vocal recording sample,neutral,
SAM_00333,Zenodo,h100-04-05-18.wav,zenodo_16210020/SITB-OSED/Actor_2Phulbani/h100-04-05-18.wav,Vocal recording sample,neutral,
SAM_00334,Zenodo,a83-01-05-18.wav,zenodo_16210020/SITB-OSED/Actor_2Phulbani/a83-01-05-18.wav,Vocal recording sample,neutral,
SAM_00335,Zenodo,sr95-06-05-18.wav,zenodo_16210020/SITB-OSED/Actor_2Phulbani/sr95-06-05-18.wav,Vocal recording sample,neutral,
SAM_00336,Zenodo,s93-05-05-18.wav,zenodo_16210020/SITB-OSED/Actor_2Phulbani/s93-05-05-18.wav,Vocal recording sample,neutral,
SAM_00337,Zenodo,sr32-06-05-18.wav,zenodo_16210020/SITB-OSED/Actor_2Phulbani/sr32-06-05-18.wav,Vocal recording sample,neutral,
SAM_00338,Zenodo,f10-03-05-18.wav,zenodo_16210020/SITB-OSED/Actor_2Phulbani/f10-03-05-18.wav,Vocal recording sample,neutral,
SAM_00339,Zenodo,d13-02-05-18.wav,zenodo_16210020/SITB-OSED/Actor_2Phulbani/d13-02-05-18.wav,Vocal recording sample,neutral,
SAM_00340,Zenodo,f19-03-05-18.wav,zenodo_16210020/SITB-OSED/Actor_2Phulbani/f19-03-05-18.wav,Vocal recording sample,neutral,
SAM_00341,Zenodo,d29-02-05-18.wav,zenodo_16210020/SITB-OSED/Actor_2Phulbani/d29-02-05-18.wav,Vocal recording sample,neutral,
SAM_00342,Zenodo,h18-04-05-18.wav,zenodo_16210020/SITB-OSED/Actor_2Phulbani/h18-04-05-18.wav,Vocal recording sample,neutral,
SAM_00343,Zenodo,a26-01-05-18.wav,zenodo_16210020/SITB-OSED/Actor_2Phulbani/a26-01-05-18.wav,Vocal recording sample,neutral,
SAM_00344,Zenodo,sr54-06-05-18.wav,zenodo_16210020/SITB-OSED/Actor_2Phulbani/sr54-06-05-18.wav,Vocal recording sample,neutral,
SAM_00345,Zenodo,h93-04-05-18.wav,zenodo_16210020/SITB-OSED/Actor_2Phulbani/h93-04-05-18.wav,Vocal recording sample,neutral,
SAM_00346,Zenodo,a47-01-05-18.wav,zenodo_16210020/SITB-OSED/Actor_2Phulbani/a47-01-05-18.wav,Vocal recording sample,neutral,
SAM_00347,Zenodo,h81-04-05-18.wav,zenodo_16210020/SITB-OSED/Actor_2Phulbani/h81-04-05-18.wav,Vocal recording sample,neutral,
SAM_00348,Zenodo,a91-01-05-18.wav,zenodo_16210020/SITB-OSED/Actor_2Phulbani/a91-01-05-18.wav,Vocal recording sample,neutral,
SAM_00349,Zenodo,sr81-06-05-18.wav,zenodo_16210020/SITB-OSED/Actor_2Phulbani/sr81-06-05-18.wav,Vocal recording sample,neutral,
SAM_00350,Zenodo,a88-01-05-18.wav,zenodo_16210020/SITB-OSED/Actor_2Phulbani/a88-01-05-18.wav,Vocal recording sample,neutral,
SAM_00351,Zenodo,a11-01-05-18.wav,zenodo_16210020/SITB-OSED/Actor_2Phulbani/a11-01-05-18.wav,Vocal recording sample,neutral,
SAM_00352,Zenodo,d30-02-05-18.wav,zenodo_16210020/SITB-OSED/Actor_2Phulbani/d30-02-05-18.wav,Vocal recording sample,neutral,
SAM_00353,Zenodo,sr57-06-05-18.wav,zenodo_16210020/SITB-OSED/Actor_2Phulbani/sr57-06-05-18.wav,Vocal recording sample,neutral,
SAM_00354,Zenodo,a31-01-05-18.wav,zenodo_16210020/SITB-OSED/Actor_2Phulbani/a31-01-05-18.wav,Vocal recording sample,neutral,
SAM_00355,Zenodo,d20-02-05-18.wav,zenodo_16210020/SITB-OSED/Actor_2Phulbani/d20-02-05-18.wav,Vocal recording sample,neutral,
SAM_00356,Zenodo,a33-01-05-18.wav,zenodo_16210020/SITB-OSED/Actor_2Phulbani/a33-01-05-18.wav,Vocal recording sample,neutral,
SAM_00357,Zenodo,f104-03-05-18.wav,zenodo_16210020/SITB-OSED/Actor_2Phulbani/f104-03-05-18.wav,Vocal recording sample,neutral,
SAM_00358,Zenodo,d66-02-05-18.wav,zenodo_16210020/SITB-OSED/Actor_2Phulbani/d66-02-05-18.wav,Vocal recording sample,neutral,
SAM_00359,Zenodo,s98-05-05-18.wav,zenodo_16210020/SITB-OSED/Actor_2Phulbani/s98-05-05-18.wav,Vocal recording sample,neutral,
SAM_00360,Zenodo,a92-01-05-18.wav,zenodo_16210020/SITB-OSED/Actor_2Phulbani/a92-01-05-18.wav,Vocal recording sample,neutral,
SAM_00361,Zenodo,sr68-06-05-18.wav,zenodo_16210020/SITB-OSED/Actor_2Phulbani/sr68-06-05-18.wav,Vocal recording sample,neutral,
SAM_00362,Zenodo,a32-01-05-18.wav,zenodo_16210020/SITB-OSED/Actor_2Phulbani/a32-01-05-18.wav,Vocal recording sample,neutral,
SAM_00363,Zenodo,h87-04-05-18.wav,zenodo_16210020/SITB-OSED/Actor_2Phulbani/h87-04-05-18.wav,Vocal recording sample,neutral,
SAM_00364,Zenodo,f59-03-05-18.wav,zenodo_16210020/SITB-OSED/Actor_2Phulbani/f59-03-05-18.wav,Vocal recording sample,neutral,
SAM_00365,Zenodo,h101-04-05-18.wav,zenodo_16210020/SITB-OSED/Actor_2Phulbani/h101-04-05-18.wav,Vocal recording sample,neutral,
SAM_00366,Zenodo,s61-05-05-18.wav,zenodo_16210020/SITB-OSED/Actor_2Phulbani/s61-05-05-18.wav,Vocal recording sample,neutral,
SAM_00367,Zenodo,s17-05-05-18.wav,zenodo_16210020/SITB-OSED/Actor_2Phulbani/s17-05-05-18.wav,Vocal recording sample,neutral,
SAM_00368,Zenodo,d100-02-05-18.wav,zenodo_16210020/SITB-OSED/Actor_2Phulbani/d100-02-05-18.wav,Vocal recording sample,neutral,
SAM_00369,Zenodo,a84-01-05-18.wav,zenodo_16210020/SITB-OSED/Actor_2Phulbani/a84-01-05-18.wav,Vocal recording sample,neutral,
SAM_00370,Zenodo,s25-05-05-18.wav,zenodo_16210020/SITB-OSED/Actor_2Phulbani/s25-05-05-18.wav,Vocal recording sample,neutral,
SAM_00371,Zenodo,d81-02-05-18.wav,zenodo_16210020/SITB-OSED/Actor_2Phulbani/d81-02-05-18.wav,Vocal recording sample,neutral,
SAM_00372,Zenodo,d16-02-05-18.wav,zenodo_16210020/SITB-OSED/Actor_2Phulbani/d16-02-05-18.wav,Vocal recording sample,neutral,
SAM_00373,Zenodo,a28-01-05-18.wav,zenodo_16210020/SITB-OSED/Actor_2Phulbani/a28-01-05-18.wav,Vocal recording sample,neutral,
SAM_00374,Zenodo,s58-05-05-18.wav,zenodo_16210020/SITB-OSED/Actor_2Phulbani/s58-05-05-18.wav,Vocal recording sample,neutral,
SAM_00375,Zenodo,s95-05-05-18.wav,zenodo_16210020/SITB-OSED/Actor_2Phulbani/s95-05-05-18.wav,Vocal recording sample,neutral,
SAM_00376,Zenodo,s28-05-05-18.wav,zenodo_16210020/SITB-OSED/Actor_2Phulbani/s28-05-05-18.wav,Vocal recording sample,neutral,
SAM_00377,Zenodo,h62-04-05-18.wav,zenodo_16210020/SITB-OSED/Actor_2Phulbani/h62-04-05-18.wav,Vocal recording sample,neutral,
SAM_00378,Zenodo,d90-02-05-18.wav,zenodo_16210020/SITB-OSED/Actor_2Phulbani/d90-02-05-18.wav,Vocal recording sample,neutral,
SAM_00379,Zenodo,h27-04-05-18.wav,zenodo_16210020/SITB-OSED/Actor_2Phulbani/h27-04-05-18.wav,Vocal recording sample,neutral,
SAM_00380,Zenodo,sr40-06-05-18.wav,zenodo_16210020/SITB-OSED/Actor_2Phulbani/sr40-06-05-18.wav,Vocal recording sample,neutral,
SAM_00381,Zenodo,d80-02-05-18.wav,zenodo_16210020/SITB-OSED/Actor_2Phulbani/d80-02-05-18.wav,Vocal recording sample,neutral,
SAM_00382,Zenodo,f61-03-05-18.wav,zenodo_16210020/SITB-OSED/Actor_2Phulbani/f61-03-05-18.wav,Vocal recording sample,neutral,
SAM_00383,Zenodo,h52-04-05-18.wav,zenodo_16210020/SITB-OSED/Actor_2Phulbani/h52-04-05-18.wav,Vocal recording sample,neutral,
SAM_00384,Zenodo,a30-01-05-18.wav,zenodo_16210020/SITB-OSED/Actor_2Phulbani/a30-01-05-18.wav,Vocal recording sample,neutral,
SAM_00385,Zenodo,a35-01-05-18.wav,zenodo_16210020/SITB-OSED/Actor_2Phulbani/a35-01-05-18.wav,Vocal recording sample,neutral,
SAM_00386,Zenodo,sr52-06-05-18.wav,zenodo_16210020/SITB-OSED/Actor_2Phulbani/sr52-06-05-18.wav,Vocal recording sample,neutral,
SAM_00387,Zenodo,h79-04-05-18.wav,zenodo_16210020/SITB-OSED/Actor_2Phulbani/h79-04-05-18.wav,Vocal recording sample,neutral,
SAM_00388,Zenodo,h67-04-05-18.wav,zenodo_16210020/SITB-OSED/Actor_2Phulbani/h67-04-05-18.wav,Vocal recording sample,neutral,
SAM_00389,Zenodo,a100-01-05-18.wav,zenodo_16210020/SITB-OSED/Actor_2Phulbani/a100-01-05-18.wav,Vocal recording sample,neutral,
SAM_00390,Zenodo,d73-02-05-18.wav,zenodo_16210020/SITB-OSED/Actor_2Phulbani/d73-02-05-18.wav,Vocal recording sample,neutral,
SAM_00391,Zenodo,h45-04-05-18.wav,zenodo_16210020/SITB-OSED/Actor_2Phulbani/h45-04-05-18.wav,Vocal recording sample,neutral,
SAM_00392,Zenodo,h71-04-05-18.wav,zenodo_16210020/SITB-OSED/Actor_2Phulbani/h71-04-05-18.wav,Vocal recording sample,neutral,
SAM_00393,Zenodo,sr9-06-05-18.wav,zenodo_16210020/SITB-OSED/Actor_2Phulbani/sr9-06-05-18.wav,Vocal recording sample,neutral,
SAM_00394,Zenodo,f72-03-05-18.wav,zenodo_16210020/SITB-OSED/Actor_2Phulbani/f72-03-05-18.wav,Vocal recording sample,neutral,
SAM_00395,Zenodo,h89-04-05-18.wav,zenodo_16210020/SITB-OSED/Actor_2Phulbani/h89-04-05-18.wav,Vocal recording sample,neutral,
SAM_00396,Zenodo,a53-01-05-18.wav,zenodo_16210020/SITB-OSED/Actor_2Phulbani/a53-01-05-18.wav,Vocal recording sample,neutral,
SAM_00397,Zenodo,sr94-06-05-18.wav,zenodo_16210020/SITB-OSED/Actor_2Phulbani/sr94-06-05-18.wav,Vocal recording sample,neutral,
SAM_00398,Zenodo,f48-03-05-18.wav,zenodo_16210020/SITB-OSED/Actor_2Phulbani/f48-03-05-18.wav,Vocal recording sample,neutral,
SAM_00399,Zenodo,a39-01-05-18.wav,zenodo_16210020/SITB-OSED/Actor_2Phulbani/a39-01-05-18.wav,Vocal recording sample,neutral,
SAM_00400,Zenodo,h56-04-05-18.wav,zenodo_16210020/SITB-OSED/Actor_2Phulbani/h56-04-05-18.wav,Vocal recording sample,neutral,
SAM_00401,Zenodo,d91-02-05-18.wav,zenodo_16210020/SITB-OSED/Actor_2Phulbani/d91-02-05-18.wav,Vocal recording sample,neutral,
SAM_00402,Zenodo,a9-01-05-18.wav,zenodo_16210020/SITB-OSED/Actor_2Phulbani/a9-01-05-18.wav,Vocal recording sample,neutral,
SAM_00403,Zenodo,h33-04-05-18.wav,zenodo_16210020/SITB-OSED/Actor_2Phulbani/h33-04-05-18.wav,Vocal recording sample,neutral,
SAM_00404,Zenodo,s63-05-05-18.wav,zenodo_16210020/SITB-OSED/Actor_2Phulbani/s63-05-05-18.wav,Vocal recording sample,neutral,
SAM_00405,Zenodo,sr104-06-05-18.wav,zenodo_16210020/SITB-OSED/Actor_2Phulbani/sr104-06-05-18.wav,Vocal recording sample,neutral,
SAM_00406,Zenodo,f30-03-05-18.wav,zenodo_16210020/SITB-OSED/Actor_2Phulbani/f30-03-05-18.wav,Vocal recording sample,neutral,
SAM_00407,Zenodo,s27-05-05-18.wav,zenodo_16210020/SITB-OSED/Actor_2Phulbani/s27-05-05-18.wav,Vocal recording sample,neutral,
SAM_00408,Zenodo,s49-05-05-18.wav,zenodo_16210020/SITB-OSED/Actor_2Phulbani/s49-05-05-18.wav,Vocal recording sample,neutral,
SAM_00409,Zenodo,a4-01-05-18.wav,zenodo_16210020/SITB-OSED/Actor_2Phulbani/a4-01-05-18.wav,Vocal recording sample,neutral,
SAM_00410,Zenodo,d37-02-05-18.wav,zenodo_16210020/SITB-OSED/Actor_2Phulbani/d37-02-05-18.wav,Vocal recording sample,neutral,
SAM_00411,Zenodo,d8-02-05-18.wav,zenodo_16210020/SITB-OSED/Actor_2Phulbani/d8-02-05-18.wav,Vocal recording sample,neutral,
SAM_00412,Zenodo,h10-04-05-18.wav,zenodo_16210020/SITB-OSED/Actor_2Phulbani/h10-04-05-18.wav,Vocal recording sample,neutral,
SAM_00413,Zenodo,s84-05-05-18.wav,zenodo_16210020/SITB-OSED/Actor_2Phulbani/s84-05-05-18.wav,Vocal recording sample,neutral,
SAM_00414,Zenodo,sr46-06-05-18.wav,zenodo_16210020/SITB-OSED/Actor_2Phulbani/sr46-06-05-18.wav,Vocal recording sample,neutral,
SAM_00415,Zenodo,h35-04-05-18.wav,zenodo_16210020/SITB-OSED/Actor_2Phulbani/h35-04-05-18.wav,Vocal recording sample,neutral,
SAM_00416,Zenodo,s88-05-05-18.wav,zenodo_16210020/SITB-OSED/Actor_2Phulbani/s88-05-05-18.wav,Vocal recording sample,neutral,
SAM_00417,Zenodo,sr8-06-05-18.wav,zenodo_16210020/SITB-OSED/Actor_2Phulbani/sr8-06-05-18.wav,Vocal recording sample,neutral,
SAM_00418,Zenodo,h57-04-05-18.wav,zenodo_16210020/SITB-OSED/Actor_2Phulbani/h57-04-05-18.wav,Vocal recording sample,neutral,
SAM_00419,Zenodo,sr13-06-05-18.wav,zenodo_16210020/SITB-OSED/Actor_2Phulbani/sr13-06-05-18.wav,Vocal recording sample,neutral,
SAM_00420,Zenodo,s30-05-05-18.wav,zenodo_16210020/SITB-OSED/Actor_2Phulbani/s30-05-05-18.wav,Vocal recording sample,neutral,
SAM_00421,Zenodo,h63-04-05-18.wav,zenodo_16210020/SITB-OSED/Actor_2Phulbani/h63-04-05-18.wav,Vocal recording sample,neutral,
SAM_00422,Zenodo,a29-01-05-18.wav,zenodo_16210020/SITB-OSED/Actor_2Phulbani/a29-01-05-18.wav,Vocal recording sample,neutral,
SAM_00423,Zenodo,h36-04-05-18.wav,zenodo_16210020/SITB-OSED/Actor_2Phulbani/h36-04-05-18.wav,Vocal recording sample,neutral,
SAM_00424,Zenodo,h104-04-05-18.wav,zenodo_16210020/SITB-OSED/Actor_2Phulbani/h104-04-05-18.wav,Vocal recording sample,neutral,
SAM_00425,Zenodo,s11-05-05-18.wav,zenodo_16210020/SITB-OSED/Actor_2Phulbani/s11-05-05-18.wav,Vocal recording sample,neutral,
SAM_00426,Zenodo,s71-05-05-18.wav,zenodo_16210020/SITB-OSED/Actor_2Phulbani/s71-05-05-18.wav,Vocal recording sample,neutral,
SAM_00427,Zenodo,d58-02-05-18.wav,zenodo_16210020/SITB-OSED/Actor_2Phulbani/d58-02-05-18.wav,Vocal recording sample,neutral,
SAM_00428,Zenodo,f52-03-05-18.wav,zenodo_16210020/SITB-OSED/Actor_2Phulbani/f52-03-05-18.wav,Vocal recording sample,neutral,
SAM_00429,Zenodo,a13-01-05-18.wav,zenodo_16210020/SITB-OSED/Actor_2Phulbani/a13-01-05-18.wav,Vocal recording sample,neutral,
SAM_00430,Zenodo,d79-02-05-18.wav,zenodo_16210020/SITB-OSED/Actor_2Phulbani/d79-02-05-18.wav,Vocal recording sample,neutral,
SAM_00431,Zenodo,f37-03-05-18.wav,zenodo_16210020/SITB-OSED/Actor_2Phulbani/f37-03-05-18.wav,Vocal recording sample,neutral,
SAM_00432,Zenodo,a10-01-05-18.wav,zenodo_16210020/SITB-OSED/Actor_2Phulbani/a10-01-05-18.wav,Vocal recording sample,neutral,
SAM_00433,Zenodo,h73-04-05-18.wav,zenodo_16210020/SITB-OSED/Actor_2Phulbani/h73-04-05-18.wav,Vocal recording sample,neutral,
SAM_00434,Zenodo,s89-05-05-18.wav,zenodo_16210020/SITB-OSED/Actor_2Phulbani/s89-05-05-18.wav,Vocal recording sample,neutral,
SAM_00435,Zenodo,f1-03-05-18.wav,zenodo_16210020/SITB-OSED/Actor_2Phulbani/f1-03-05-18.wav,Vocal recording sample,neutral,
SAM_00436,Zenodo,sr41-06-05-18.wav,zenodo_16210020/SITB-OSED/Actor_2Phulbani/sr41-06-05-18.wav,Vocal recording sample,neutral,
SAM_00437,Zenodo,sr98-06-05-18.wav,zenodo_16210020/SITB-OSED/Actor_2Phulbani/sr98-06-05-18.wav,Vocal recording sample,neutral,
SAM_00438,Zenodo,s68-05-05-18.wav,zenodo_16210020/SITB-OSED/Actor_2Phulbani/s68-05-05-18.wav,Vocal recording sample,neutral,
SAM_00439,Zenodo,sr5-06-05-18.wav,zenodo_16210020/SITB-OSED/Actor_2Phulbani/sr5-06-05-18.wav,Vocal recording sample,neutral,
SAM_00440,Zenodo,d64-02-05-18.wav,zenodo_16210020/SITB-OSED/Actor_2Phulbani/d64-02-05-18.wav,Vocal recording sample,neutral,
SAM_00441,Zenodo,sr71-06-05-18.wav,zenodo_16210020/SITB-OSED/Actor_2Phulbani/sr71-06-05-18.wav,Vocal recording sample,neutral,
SAM_00442,Zenodo,f88-03-05-18.wav,zenodo_16210020/SITB-OSED/Actor_2Phulbani/f88-03-05-18.wav,Vocal recording sample,neutral,
SAM_00443,Zenodo,a57-01-05-18.wav,zenodo_16210020/SITB-OSED/Actor_2Phulbani/a57-01-05-18.wav,Vocal recording sample,neutral,
SAM_00444,Zenodo,d68-02-05-18.wav,zenodo_16210020/SITB-OSED/Actor_2Phulbani/d68-02-05-18.wav,Vocal recording sample,neutral,
SAM_00445,Zenodo,d57-02-05-18.wav,zenodo_16210020/SITB-OSED/Actor_2Phulbani/d57-02-05-18.wav,Vocal recording sample,neutral,
SAM_00446,Zenodo,f31-03-05-18.wav,zenodo_16210020/SITB-OSED/Actor_2Phulbani/f31-03-05-18.wav,Vocal recording sample,neutral,
SAM_00447,Zenodo,d88-02-05-18.wav,zenodo_16210020/SITB-OSED/Actor_2Phulbani/d88-02-05-18.wav,Vocal recording sample,neutral,
SAM_00448,Zenodo,d46-02-05-18.wav,zenodo_16210020/SITB-OSED/Actor_2Phulbani/d46-02-05-18.wav,Vocal recording sample,neutral,
SAM_00449,Zenodo,a61-01-05-18.wav,zenodo_16210020/SITB-OSED/Actor_2Phulbani/a61-01-05-18.wav,Vocal recording sample,neutral,
SAM_00450,Zenodo,a101-01-05-18.wav,zenodo_16210020/SITB-OSED/Actor_2Phulbani/a101-01-05-18.wav,Vocal recording sample,neutral,
SAM_00451,Zenodo,sr27-06-05-18.wav,zenodo_16210020/SITB-OSED/Actor_2Phulbani/sr27-06-05-18.wav,Vocal recording sample,neutral,
SAM_00452,Zenodo,f78-03-05-18.wav,zenodo_16210020/SITB-OSED/Actor_2Phulbani/f78-03-05-18.wav,Vocal recording sample,neutral,
SAM_00453,Zenodo,s24-05-05-18.wav,zenodo_16210020/SITB-OSED/Actor_2Phulbani/s24-05-05-18.wav,Vocal recording sample,neutral,
SAM_00454,Zenodo,d82-02-05-18.wav,zenodo_16210020/SITB-OSED/Actor_2Phulbani/d82-02-05-18.wav,Vocal recording sample,neutral,
SAM_00455,Zenodo,sr28-06-05-18.wav,zenodo_16210020/SITB-OSED/Actor_2Phulbani/sr28-06-05-18.wav,Vocal recording sample,neutral,
SAM_00456,Zenodo,d62-02-05-18.wav,zenodo_16210020/SITB-OSED/Actor_2Phulbani/d62-02-05-18.wav,Vocal recording sample,neutral,
SAM_00457,Zenodo,d36-02-05-18.wav,zenodo_16210020/SITB-OSED/Actor_2Phulbani/d36-02-05-18.wav,Vocal recording sample,neutral,
SAM_00458,Zenodo,d15-02-05-18.wav,zenodo_16210020/SITB-OSED/Actor_2Phulbani/d15-02-05-18.wav,Vocal recording sample,neutral,
SAM_00459,Zenodo,a93-01-05-18.wav,zenodo_16210020/SITB-OSED/Actor_2Phulbani/a93-01-05-18.wav,Vocal recording sample,neutral,
SAM_00460,Zenodo,s34-05-05-18.wav,zenodo_16210020/SITB-OSED/Actor_2Phulbani/s34-05-05-18.wav,Vocal recording sample,neutral,
SAM_00461,Zenodo,f76-03-05-18.wav,zenodo_16210020/SITB-OSED/Actor_2Phulbani/f76-03-05-18.wav,Vocal recording sample,neutral,
SAM_00462,Zenodo,h103-04-05-18.wav,zenodo_16210020/SITB-OSED/Actor_2Phulbani/h103-04-05-18.wav,Vocal recording sample,neutral,
SAM_00463,Zenodo,f18-03-05-18.wav,zenodo_16210020/SITB-OSED/Actor_2Phulbani/f18-03-05-18.wav,Vocal recording sample,neutral,
SAM_00464,Zenodo,s8-05-05-18.wav,zenodo_16210020/SITB-OSED/Actor_2Phulbani/s8-05-05-18.wav,Vocal recording sample,neutral,
SAM_00465,Zenodo,a80-01-05-18.wav,zenodo_16210020/SITB-OSED/Actor_2Phulbani/a80-01-05-18.wav,Vocal recording sample,neutral,
SAM_00466,Zenodo,d43-02-05-18.wav,zenodo_16210020/SITB-OSED/Actor_2Phulbani/d43-02-05-18.wav,Vocal recording sample,neutral,
SAM_00467,Zenodo,h7-04-05-18.wav,zenodo_16210020/SITB-OSED/Actor_2Phulbani/h7-04-05-18.wav,Vocal recording sample,neutral,
SAM_00468,Zenodo,sr59-06-05-18.wav,zenodo_16210020/SITB-OSED/Actor_2Phulbani/sr59-06-05-18.wav,Vocal recording sample,neutral,
SAM_00469,Zenodo,s59-05-05-18.wav,zenodo_16210020/SITB-OSED/Actor_2Phulbani/s59-05-05-18.wav,Vocal recording sample,neutral,
SAM_00470,Zenodo,s80-05-05-18.wav,zenodo_16210020/SITB-OSED/Actor_2Phulbani/s80-05-05-18.wav,Vocal recording sample,neutral,
SAM_00471,Zenodo,s55-05-05-18.wav,zenodo_16210020/SITB-OSED/Actor_2Phulbani/s55-05-05-18.wav,Vocal recording sample,neutral,
SAM_00472,Zenodo,h53-04-05-18.wav,zenodo_16210020/SITB-OSED/Actor_2Phulbani/h53-04-05-18.wav,Vocal recording sample,neutral,
SAM_00473,Zenodo,d50-02-05-18.wav,zenodo_16210020/SITB-OSED/Actor_2Phulbani/d50-02-05-18.wav,Vocal recording sample,neutral,
SAM_00474,Zenodo,a98-01-05-18.wav,zenodo_16210020/SITB-OSED/Actor_2Phulbani/a98-01-05-18.wav,Vocal recording sample,neutral,
SAM_00475,Zenodo,s1-05-05-18.wav,zenodo_16210020/SITB-OSED/Actor_2Phulbani/s1-05-05-18.wav,Vocal recording sample,neutral,
SAM_00476,Zenodo,s46-05-05-18.wav,zenodo_16210020/SITB-OSED/Actor_2Phulbani/s46-05-05-18.wav,Vocal recording sample,neutral,
SAM_00477,Zenodo,s37-05-05-18.wav,zenodo_16210020/SITB-OSED/Actor_2Phulbani/s37-05-05-18.wav,Vocal recording sample,neutral,
SAM_00478,Zenodo,sr92-06-05-18.wav,zenodo_16210020/SITB-OSED/Actor_2Phulbani/sr92-06-05-18.wav,Vocal recording sample,neutral,
SAM_00479,Zenodo,sr74-06-05-18.wav,zenodo_16210020/SITB-OSED/Actor_2Phulbani/sr74-06-05-18.wav,Vocal recording sample,neutral,
SAM_00480,Zenodo,d27-02-05-18.wav,zenodo_16210020/SITB-OSED/Actor_2Phulbani/d27-02-05-18.wav,Vocal recording sample,neutral,
SAM_00481,Zenodo,d28-02-05-18.wav,zenodo_16210020/SITB-OSED/Actor_2Phulbani/d28-02-05-18.wav,Vocal recording sample,neutral,
SAM_00482,Zenodo,h86-04-05-18.wav,zenodo_16210020/SITB-OSED/Actor_2Phulbani/h86-04-05-18.wav,Vocal recording sample,neutral,
SAM_00483,Zenodo,sr23-06-05-18.wav,zenodo_16210020/SITB-OSED/Actor_2Phulbani/sr23-06-05-18.wav,Vocal recording sample,neutral,
SAM_00484,Zenodo,sr91-06-05-18.wav,zenodo_16210020/SITB-OSED/Actor_2Phulbani/sr91-06-05-18.wav,Vocal recording sample,neutral,
SAM_00485,Zenodo,h44-04-05-18.wav,zenodo_16210020/SITB-OSED/Actor_2Phulbani/h44-04-05-18.wav,Vocal recording sample,neutral,
SAM_00486,Zenodo,f38-03-05-18.wav,zenodo_16210020/SITB-OSED/Actor_2Phulbani/f38-03-05-18.wav,Vocal recording sample,neutral,
SAM_00487,Zenodo,sr17-06-05-18.wav,zenodo_16210020/SITB-OSED/Actor_2Phulbani/sr17-06-05-18.wav,Vocal recording sample,neutral,
SAM_00488,Zenodo,f92-03-05-18.wav,zenodo_16210020/SITB-OSED/Actor_2Phulbani/f92-03-05-18.wav,Vocal recording sample,neutral,
SAM_00489,Zenodo,a49-01-05-18.wav,zenodo_16210020/SITB-OSED/Actor_2Phulbani/a49-01-05-18.wav,Vocal recording sample,neutral,
SAM_00490,Zenodo,s96-05-05-18.wav,zenodo_16210020/SITB-OSED/Actor_2Phulbani/s96-05-05-18.wav,Vocal recording sample,neutral,
SAM_00491,Zenodo,a97-01-05-18.wav,zenodo_16210020/SITB-OSED/Actor_2Phulbani/a97-01-05-18.wav,Vocal recording sample,neutral,
SAM_00492,Zenodo,sr30-06-05-18.wav,zenodo_16210020/SITB-OSED/Actor_2Phulbani/sr30-06-05-18.wav,Vocal recording sample,neutral,
SAM_00493,Zenodo,f68-03-05-18.wav,zenodo_16210020/SITB-OSED/Actor_2Phulbani/f68-03-05-18.wav,Vocal recording sample,neutral,
SAM_00494,Zenodo,f66-03-05-18.wav,zenodo_16210020/SITB-OSED/Actor_2Phulbani/f66-03-05-18.wav,Vocal recording sample,neutral,
SAM_00495,Zenodo,a82-01-05-18.wav,zenodo_16210020/SITB-OSED/Actor_2Phulbani/a82-01-05-18.wav,Vocal recording sample,neutral,
SAM_00496,Zenodo,f75-03-05-18.wav,zenodo_16210020/SITB-OSED/Actor_2Phulbani/f75-03-05-18.wav,Vocal recording sample,neutral,
SAM_00497,Zenodo,s31-05-05-18.wav,zenodo_16210020/SITB-OSED/Actor_2Phulbani/s31-05-05-18.wav,Vocal recording sample,neutral,
SAM_00498,Zenodo,a76-01-05-18.wav,zenodo_16210020/SITB-OSED/Actor_2Phulbani/a76-01-05-18.wav,Vocal recording sample,neutral,
SAM_00499,Zenodo,h9-04-05-18.wav,zenodo_16210020/SITB-OSED/Actor_2Phulbani/h9-04-05-18.wav,Vocal recording sample,neutral,
SAM_00500,Zenodo,sr64-06-05-18.wav,zenodo_16210020/SITB-OSED/Actor_2Phulbani/sr64-06-05-18.wav,Vocal recording sample,neutral,
SAM_00501,Zenodo,a60-01-05-18.wav,zenodo_16210020/SITB-OSED/Actor_2Phulbani/a60-01-05-18.wav,Vocal recording sample,neutral,
SAM_00502,Zenodo,h91-04-05-18.wav,zenodo_16210020/SITB-OSED/Actor_2Phulbani/h91-04-05-18.wav,Vocal recording sample,neutral,
SAM_00503,Zenodo,h76-04-05-18.wav,zenodo_16210020/SITB-OSED/Actor_2Phulbani/h76-04-05-18.wav,Vocal recording sample,neutral,
SAM_00504,Zenodo,sr51-06-05-18.wav,zenodo_16210020/SITB-OSED/Actor_2Phulbani/sr51-06-05-18.wav,Vocal recording sample,neutral,
SAM_00505,Zenodo,sr99-06-05-18.wav,zenodo_16210020/SITB-OSED/Actor_2Phulbani/sr99-06-05-18.wav,Vocal recording sample,neutral,
SAM_00506,Zenodo,a58-01-05-18.wav,zenodo_16210020/SITB-OSED/Actor_2Phulbani/a58-01-05-18.wav,Vocal recording sample,neutral,
SAM_00507,Zenodo,a81-01-05-18.wav,zenodo_16210020/SITB-OSED/Actor_2Phulbani/a81-01-05-18.wav,Vocal recording sample,neutral,
SAM_00508,Zenodo,a79-01-05-18.wav,zenodo_16210020/SITB-OSED/Actor_2Phulbani/a79-01-05-18.wav,Vocal recording sample,neutral,
SAM_00509,Zenodo,h13-04-05-18.wav,zenodo_16210020/SITB-OSED/Actor_2Phulbani/h13-04-05-18.wav,Vocal recording sample,neutral,
SAM_00510,Zenodo,h3-04-05-18.wav,zenodo_16210020/SITB-OSED/Actor_2Phulbani/h3-04-05-18.wav,Vocal recording sample,neutral,
SAM_00511,Zenodo,s26-05-05-18.wav,zenodo_16210020/SITB-OSED/Actor_2Phulbani/s26-05-05-18.wav,Vocal recording sample,neutral,
SAM_00512,Zenodo,a69-01-05-18.wav,zenodo_16210020/SITB-OSED/Actor_2Phulbani/a69-01-05-18.wav,Vocal recording sample,neutral,
SAM_00513,Zenodo,sr55-06-05-18.wav,zenodo_16210020/SITB-OSED/Actor_2Phulbani/sr55-06-05-18.wav,Vocal recording sample,neutral,
SAM_00514,Zenodo,d59-02-05-18.wav,zenodo_16210020/SITB-OSED/Actor_2Phulbani/d59-02-05-18.wav,Vocal recording sample,neutral,
SAM_00515,Zenodo,h102-04-05-18.wav,zenodo_16210020/SITB-OSED/Actor_2Phulbani/h102-04-05-18.wav,Vocal recording sample,neutral,
SAM_00516,Zenodo,d56-02-05-18.wav,zenodo_16210020/SITB-OSED/Actor_2Phulbani/d56-02-05-18.wav,Vocal recording sample,neutral,
SAM_00517,Zenodo,h46-04-05-18.wav,zenodo_16210020/SITB-OSED/Actor_2Phulbani/h46-04-05-18.wav,Vocal recording sample,neutral,
SAM_00518,Zenodo,f77-03-05-18.wav,zenodo_16210020/SITB-OSED/Actor_2Phulbani/f77-03-05-18.wav,Vocal recording sample,neutral,
SAM_00519,Zenodo,a50-01-05-18.wav,zenodo_16210020/SITB-OSED/Actor_2Phulbani/a50-01-05-18.wav,Vocal recording sample,neutral,
SAM_00520,Zenodo,f74-03-05-18.wav,zenodo_16210020/SITB-OSED/Actor_2Phulbani/f74-03-05-18.wav,Vocal recording sample,neutral,
SAM_00521,Zenodo,d63-02-05-18.wav,zenodo_16210020/SITB-OSED/Actor_2Phulbani/d63-02-05-18.wav,Vocal recording sample,neutral,
SAM_00522,Zenodo,a71-01-05-18.wav,zenodo_16210020/SITB-OSED/Actor_2Phulbani/a71-01-05-18.wav,Vocal recording sample,neutral,
SAM_00523,Zenodo,s48-05-05-18.wav,zenodo_16210020/SITB-OSED/Actor_2Phulbani/s48-05-05-18.wav,Vocal recording sample,neutral,
SAM_00524,Zenodo,s4-05-05-18.wav,zenodo_16210020/SITB-OSED/Actor_2Phulbani/s4-05-05-18.wav,Vocal recording sample,neutral,
SAM_00525,Zenodo,h20-04-05-18.wav,zenodo_16210020/SITB-OSED/Actor_2Phulbani/h20-04-05-18.wav,Vocal recording sample,neutral,
SAM_00526,Zenodo,d97-02-05-18.wav,zenodo_16210020/SITB-OSED/Actor_2Phulbani/d97-02-05-18.wav,Vocal recording sample,neutral,
SAM_00527,Zenodo,s99-05-05-18.wav,zenodo_16210020/SITB-OSED/Actor_2Phulbani/s99-05-05-18.wav,Vocal recording sample,neutral,
SAM_00528,Zenodo,sr14-06-05-18.wav,zenodo_16210020/SITB-OSED/Actor_2Phulbani/sr14-06-05-18.wav,Vocal recording sample,neutral,
SAM_00529,Zenodo,sr77-06-05-18.wav,zenodo_16210020/SITB-OSED/Actor_2Phulbani/sr77-06-05-18.wav,Vocal recording sample,neutral,
SAM_00530,Zenodo,s22-05-05-18.wav,zenodo_16210020/SITB-OSED/Actor_2Phulbani/s22-05-05-18.wav,Vocal recording sample,neutral,
SAM_00531,Zenodo,a16-01-05-18.wav,zenodo_16210020/SITB-OSED/Actor_2Phulbani/a16-01-05-18.wav,Vocal recording sample,neutral,
SAM_00532,Zenodo,h32-04-05-18.wav,zenodo_16210020/SITB-OSED/Actor_2Phulbani/h32-04-05-18.wav,Vocal recording sample,neutral,
SAM_00533,Zenodo,h8-04-05-18.wav,zenodo_16210020/SITB-OSED/Actor_2Phulbani/h8-04-05-18.wav,Vocal recording sample,neutral,
SAM_00534,Zenodo,f95-03-05-18.wav,zenodo_16210020/SITB-OSED/Actor_2Phulbani/f95-03-05-18.wav,Vocal recording sample,neutral,
SAM_00535,Zenodo,h74-04-05-18.wav,zenodo_16210020/SITB-OSED/Actor_2Phulbani/h74-04-05-18.wav,Vocal recording sample,neutral,
SAM_00536,Zenodo,a64-01-05-18.wav,zenodo_16210020/SITB-OSED/Actor_2Phulbani/a64-01-05-18.wav,Vocal recording sample,neutral,
SAM_00537,Zenodo,sr102-06-05-18.wav,zenodo_16210020/SITB-OSED/Actor_2Phulbani/sr102-06-05-18.wav,Vocal recording sample,neutral,
SAM_00538,Zenodo,h90-04-05-18.wav,zenodo_16210020/SITB-OSED/Actor_2Phulbani/h90-04-05-18.wav,Vocal recording sample,neutral,
SAM_00539,Zenodo,h105-04-05-18.wav,zenodo_16210020/SITB-OSED/Actor_2Phulbani/h105-04-05-18.wav,Vocal recording sample,neutral,
SAM_00540,Zenodo,f24-03-05-18.wav,zenodo_16210020/SITB-OSED/Actor_2Phulbani/f24-03-05-18.wav,Vocal recording sample,neutral,
SAM_00541,Zenodo,sr60-06-05-18.wav,zenodo_16210020/SITB-OSED/Actor_2Phulbani/sr60-06-05-18.wav,Vocal recording sample,neutral,
SAM_00542,Zenodo,f9-03-05-18.wav,zenodo_16210020/SITB-OSED/Actor_2Phulbani/f9-03-05-18.wav,Vocal recording sample,neutral,
SAM_00543,Zenodo,a90-01-05-18.wav,zenodo_16210020/SITB-OSED/Actor_2Phulbani/a90-01-05-18.wav,Vocal recording sample,neutral,
SAM_00544,Zenodo,f26-03-05-18.wav,zenodo_16210020/SITB-OSED/Actor_2Phulbani/f26-03-05-18.wav,Vocal recording sample,neutral,
SAM_00545,Zenodo,a18-01-05-18.wav,zenodo_16210020/SITB-OSED/Actor_2Phulbani/a18-01-05-18.wav,Vocal recording sample,neutral,
SAM_00546,Zenodo,sr4-06-05-18.wav,zenodo_16210020/SITB-OSED/Actor_2Phulbani/sr4-06-05-18.wav,Vocal recording sample,neutral,
SAM_00547,Zenodo,sr50-06-05-18.wav,zenodo_16210020/SITB-OSED/Actor_2Phulbani/sr50-06-05-18.wav,Vocal recording sample,neutral,
SAM_00548,Zenodo,d35-02-05-18.wav,zenodo_16210020/SITB-OSED/Actor_2Phulbani/d35-02-05-18.wav,Vocal recording sample,neutral,
SAM_00549,Zenodo,s100-05-05-18.wav,zenodo_16210020/SITB-OSED/Actor_2Phulbani/s100-05-05-18.wav,Vocal recording sample,neutral,
SAM_00550,Zenodo,f98-03-05-18.wav,zenodo_16210020/SITB-OSED/Actor_2Phulbani/f98-03-05-18.wav,Vocal recording sample,neutral,
SAM_00551,Zenodo,sr58-06-05-18.wav,zenodo_16210020/SITB-OSED/Actor_2Phulbani/sr58-06-05-18.wav,Vocal recording sample,neutral,
SAM_00552,Zenodo,s92-05-05-18.wav,zenodo_16210020/SITB-OSED/Actor_2Phulbani/s92-05-05-18.wav,Vocal recording sample,neutral,
SAM_00553,Zenodo,sr106-06-05-18.wav,zenodo_16210020/SITB-OSED/Actor_2Phulbani/sr106-06-05-18.wav,Vocal recording sample,neutral,
SAM_00554,Zenodo,sr66-06-05-18.wav,zenodo_16210020/SITB-OSED/Actor_2Phulbani/sr66-06-05-18.wav,Vocal recording sample,neutral,
SAM_00555,Zenodo,f93-03-05-18.wav,zenodo_16210020/SITB-OSED/Actor_2Phulbani/f93-03-05-18.wav,Vocal recording sample,neutral,
SAM_00556,Zenodo,d53-02-05-18.wav,zenodo_16210020/SITB-OSED/Actor_2Phulbani/d53-02-05-18.wav,Vocal recording sample,neutral,
SAM_00557,Zenodo,sr20-06-05-18.wav,zenodo_16210020/SITB-OSED/Actor_2Phulbani/sr20-06-05-18.wav,Vocal recording sample,neutral,
SAM_00558,Zenodo,sr63-06-05-18.wav,zenodo_16210020/SITB-OSED/Actor_2Phulbani/sr63-06-05-18.wav,Vocal recording sample,neutral,
SAM_00559,Zenodo,d22-02-05-18.wav,zenodo_16210020/SITB-OSED/Actor_2Phulbani/d22-02-05-18.wav,Vocal recording sample,neutral,
SAM_00560,Zenodo,d74-02-05-18.wav,zenodo_16210020/SITB-OSED/Actor_2Phulbani/d74-02-05-18.wav,Vocal recording sample,neutral,
SAM_00561,Zenodo,h38-04-05-18.wav,zenodo_16210020/SITB-OSED/Actor_2Phulbani/h38-04-05-18.wav,Vocal recording sample,neutral,
SAM_00562,Zenodo,s79-05-05-18.wav,zenodo_16210020/SITB-OSED/Actor_2Phulbani/s79-05-05-18.wav,Vocal recording sample,neutral,
SAM_00563,Zenodo,f85-03-05-18.wav,zenodo_16210020/SITB-OSED/Actor_2Phulbani/f85-03-05-18.wav,Vocal recording sample,neutral,
SAM_00564,Zenodo,a68-01-05-18.wav,zenodo_16210020/SITB-OSED/Actor_2Phulbani/a68-01-05-18.wav,Vocal recording sample,neutral,
SAM_00565,Zenodo,a95-01-05-18.wav,zenodo_16210020/SITB-OSED/Actor_2Phulbani/a95-01-05-18.wav,Vocal recording sample,neutral,
SAM_00566,Zenodo,s81-05-05-18.wav,zenodo_16210020/SITB-OSED/Actor_2Phulbani/s81-05-05-18.wav,Vocal recording sample,neutral,
SAM_00567,Zenodo,sr25-06-05-18.wav,zenodo_16210020/SITB-OSED/Actor_2Phulbani/sr25-06-05-18.wav,Vocal recording sample,neutral,
SAM_00568,Zenodo,a2-01-05-18.wav,zenodo_16210020/SITB-OSED/Actor_2Phulbani/a2-01-05-18.wav,Vocal recording sample,neutral,
SAM_00569,Zenodo,sr76-06-05-18.wav,zenodo_16210020/SITB-OSED/Actor_2Phulbani/sr76-06-05-18.wav,Vocal recording sample,neutral,
SAM_00570,Zenodo,a38-01-05-18.wav,zenodo_16210020/SITB-OSED/Actor_2Phulbani/a38-01-05-18.wav,Vocal recording sample,neutral,
SAM_00571,Zenodo,a43-01-05-18.wav,zenodo_16210020/SITB-OSED/Actor_2Phulbani/a43-01-05-18.wav,Vocal recording sample,neutral,
SAM_00572,Zenodo,h75-04-05-18.wav,zenodo_16210020/SITB-OSED/Actor_2Phulbani/h75-04-05-18.wav,Vocal recording sample,neutral,
SAM_00573,Zenodo,d95-02-05-18.wav,zenodo_16210020/SITB-OSED/Actor_2Phulbani/d95-02-05-18.wav,Vocal recording sample,neutral,
SAM_00574,Zenodo,f16-03-05-18.wav,zenodo_16210020/SITB-OSED/Actor_2Phulbani/f16-03-05-18.wav,Vocal recording sample,neutral,
SAM_00575,Zenodo,d65-02-05-18.wav,zenodo_16210020/SITB-OSED/Actor_2Phulbani/d65-02-05-18.wav,Vocal recording sample,neutral,
SAM_00576,Zenodo,h84-04-05-18.wav,zenodo_16210020/SITB-OSED/Actor_2Phulbani/h84-04-05-18.wav,Vocal recording sample,neutral,
SAM_00577,Zenodo,f96-03-05-18.wav,zenodo_16210020/SITB-OSED/Actor_2Phulbani/f96-03-05-18.wav,Vocal recording sample,neutral,
SAM_00578,Zenodo,f42-03-05-18.wav,zenodo_16210020/SITB-OSED/Actor_2Phulbani/f42-03-05-18.wav,Vocal recording sample,neutral,
SAM_00579,Zenodo,f40-03-05-18.wav,zenodo_16210020/SITB-OSED/Actor_2Phulbani/f40-03-05-18.wav,Vocal recording sample,neutral,
SAM_00580,Zenodo,sr67-06-05-18.wav,zenodo_16210020/SITB-OSED/Actor_2Phulbani/sr67-06-05-18.wav,Vocal recording sample,neutral,
SAM_00581,Zenodo,h30-04-05-18.wav,zenodo_16210020/SITB-OSED/Actor_2Phulbani/h30-04-05-18.wav,Vocal recording sample,neutral,
SAM_00582,Zenodo,h6-04-05-18.wav,zenodo_16210020/SITB-OSED/Actor_2Phulbani/h6-04-05-18.wav,Vocal recording sample,neutral,
SAM_00583,Zenodo,sr72-06-05-18.wav,zenodo_16210020/SITB-OSED/Actor_2Phulbani/sr72-06-05-18.wav,Vocal recording sample,neutral,
SAM_00584,Zenodo,sr61-06-05-18.wav,zenodo_16210020/SITB-OSED/Actor_2Phulbani/sr61-06-05-18.wav,Vocal recording sample,neutral,
SAM_00585,Zenodo,f50-03-05-18.wav,zenodo_16210020/SITB-OSED/Actor_2Phulbani/f50-03-05-18.wav,Vocal recording sample,neutral,
SAM_00586,Zenodo,f2-03-05-18.wav,zenodo_16210020/SITB-OSED/Actor_2Phulbani/f2-03-05-18.wav,Vocal recording sample,neutral,
SAM_00587,Zenodo,f47-03-05-18.wav,zenodo_16210020/SITB-OSED/Actor_2Phulbani/f47-03-05-18.wav,Vocal recording sample,neutral,
SAM_00588,Zenodo,d42-02-05-18.wav,zenodo_16210020/SITB-OSED/Actor_2Phulbani/d42-02-05-18.wav,Vocal recording sample,neutral,
SAM_00589,Zenodo,a65-01-05-18.wav,zenodo_16210020/SITB-OSED/Actor_2Phulbani/a65-01-05-18.wav,Vocal recording sample,neutral,
SAM_00590,Zenodo,sr70-06-05-18.wav,zenodo_16210020/SITB-OSED/Actor_2Phulbani/sr70-06-05-18.wav,Vocal recording sample,neutral,
SAM_00591,Zenodo,f54-03-05-18.wav,zenodo_16210020/SITB-OSED/Actor_2Phulbani/f54-03-05-18.wav,Vocal recording sample,neutral,
SAM_00592,Zenodo,h66-04-05-18.wav,zenodo_16210020/SITB-OSED/Actor_2Phulbani/h66-04-05-18.wav,Vocal recording sample,neutral,
SAM_00593,Zenodo,s40-05-05-18.wav,zenodo_16210020/SITB-OSED/Actor_2Phulbani/s40-05-05-18.wav,Vocal recording sample,neutral,
SAM_00594,Zenodo,s43-05-05-18.wav,zenodo_16210020/SITB-OSED/Actor_2Phulbani/s43-05-05-18.wav,Vocal recording sample,neutral,
SAM_00595,Zenodo,s66-05-05-18.wav,zenodo_16210020/SITB-OSED/Actor_2Phulbani/s66-05-05-18.wav,Vocal recording sample,neutral,
SAM_00596,Zenodo,h12-04-05-18.wav,zenodo_16210020/SITB-OSED/Actor_2Phulbani/h12-04-05-18.wav,Vocal recording sample,neutral,
SAM_00597,Zenodo,s18-05-05-18.wav,zenodo_16210020/SITB-OSED/Actor_2Phulbani/s18-05-05-18.wav,Vocal recording sample,neutral,
SAM_00598,Zenodo,sr7-06-05-18.wav,zenodo_16210020/SITB-OSED/Actor_2Phulbani/sr7-06-05-18.wav,Vocal recording sample,neutral,
SAM_00599,Zenodo,sr24-06-05-18.wav,zenodo_16210020/SITB-OSED/Actor_2Phulbani/sr24-06-05-18.wav,Vocal recording sample,neutral,
SAM_00600,Zenodo,sr34-06-05-18.wav,zenodo_16210020/SITB-OSED/Actor_2Phulbani/sr34-06-05-18.wav,Vocal recording sample,neutral,
SAM_00601,Zenodo,sr18-06-05-18.wav,zenodo_16210020/SITB-OSED/Actor_2Phulbani/sr18-06-05-18.wav,Vocal recording sample,neutral,
SAM_00602,Zenodo,f64-03-05-18.wav,zenodo_16210020/SITB-OSED/Actor_2Phulbani/f64-03-05-18.wav,Vocal recording sample,neutral,
SAM_00603,Zenodo,f51-03-05-18.wav,zenodo_16210020/SITB-OSED/Actor_2Phulbani/f51-03-05-18.wav,Vocal recording sample,neutral,
SAM_00604,Zenodo,s74-05-05-18.wav,zenodo_16210020/SITB-OSED/Actor_2Phulbani/s74-05-05-18.wav,Vocal recording sample,neutral,
SAM_00605,Zenodo,d87-02-05-18.wav,zenodo_16210020/SITB-OSED/Actor_2Phulbani/d87-02-05-18.wav,Vocal recording sample,neutral,
SAM_00606,Zenodo,f22-03-05-18.wav,zenodo_16210020/SITB-OSED/Actor_2Phulbani/f22-03-05-18.wav,Vocal recording sample,neutral,
SAM_00607,Zenodo,s36-05-05-18.wav,zenodo_16210020/SITB-OSED/Actor_2Phulbani/s36-05-05-18.wav,Vocal recording sample,neutral,
SAM_00608,Zenodo,h97-04-05-18.wav,zenodo_16210020/SITB-OSED/Actor_2Phulbani/h97-04-05-18.wav,Vocal recording sample,neutral,
SAM_00609,Zenodo,sr22-06-05-18.wav,zenodo_16210020/SITB-OSED/Actor_2Phulbani/sr22-06-05-18.wav,Vocal recording sample,neutral,
SAM_00610,Zenodo,sr19-06-05-18.wav,zenodo_16210020/SITB-OSED/Actor_2Phulbani/sr19-06-05-18.wav,Vocal recording sample,neutral,
SAM_00611,Zenodo,a67-01-05-18.wav,zenodo_16210020/SITB-OSED/Actor_2Phulbani/a67-01-05-18.wav,Vocal recording sample,neutral,
SAM_00612,Zenodo,a72-01-05-18.wav,zenodo_16210020/SITB-OSED/Actor_2Phulbani/a72-01-05-18.wav,Vocal recording sample,neutral,
SAM_00613,Zenodo,s6-05-05-18.wav,zenodo_16210020/SITB-OSED/Actor_2Phulbani/s6-05-05-18.wav,Vocal recording sample,neutral,
SAM_00614,Zenodo,d2-02-05-18.wav,zenodo_16210020/SITB-OSED/Actor_2Phulbani/d2-02-05-18.wav,Vocal recording sample,neutral,
SAM_00615,Zenodo,s87-05-05-18.wav,zenodo_16210020/SITB-OSED/Actor_2Phulbani/s87-05-05-18.wav,Vocal recording sample,neutral,
SAM_00616,Zenodo,f69-03-05-18.wav,zenodo_16210020/SITB-OSED/Actor_2Phulbani/f69-03-05-18.wav,Vocal recording sample,neutral,
SAM_00617,Zenodo,s41-05-05-18.wav,zenodo_16210020/SITB-OSED/Actor_2Phulbani/s41-05-05-18.wav,Vocal recording sample,neutral,
SAM_00618,Zenodo,d99-02-05-18.wav,zenodo_16210020/SITB-OSED/Actor_2Phulbani/d99-02-05-18.wav,Vocal recording sample,neutral,
SAM_00619,Zenodo,s13-05-04-14.wav,zenodo_16210020/SITB-OSED/Actor_2Sambalpuri/s13-05-04-14.wav,Vocal recording sample,neutral,
SAM_00620,Zenodo,sr43-06-04-14.wav,zenodo_16210020/SITB-OSED/Actor_2Sambalpuri/sr43-06-04-14.wav,Vocal recording sample,neutral,
SAM_00621,Zenodo,a85-01-04-14.wav,zenodo_16210020/SITB-OSED/Actor_2Sambalpuri/a85-01-04-14.wav,Vocal recording sample,neutral,
SAM_00622,Zenodo,sr20-06-04-14.wav,zenodo_16210020/SITB-OSED/Actor_2Sambalpuri/sr20-06-04-14.wav,Vocal recording sample,neutral,
SAM_00623,Zenodo,sr41-06-04-14.wav,zenodo_16210020/SITB-OSED/Actor_2Sambalpuri/sr41-06-04-14.wav,Vocal recording sample,neutral,
SAM_00624,Zenodo,f1-03-04-14.wav,zenodo_16210020/SITB-OSED/Actor_2Sambalpuri/f1-03-04-14.wav,Vocal recording sample,neutral,
SAM_00625,Zenodo,f77-03-04-14.wav,zenodo_16210020/SITB-OSED/Actor_2Sambalpuri/f77-03-04-14.wav,Vocal recording sample,neutral,
SAM_00626,Zenodo,d61-02-04-14.wav,zenodo_16210020/SITB-OSED/Actor_2Sambalpuri/d61-02-04-14.wav,Vocal recording sample,neutral,
SAM_00627,Zenodo,a56-01-04-14.wav,zenodo_16210020/SITB-OSED/Actor_2Sambalpuri/a56-01-04-14.wav,Vocal recording sample,neutral,
SAM_00628,Zenodo,d42-02-04-14.wav,zenodo_16210020/SITB-OSED/Actor_2Sambalpuri/d42-02-04-14.wav,Vocal recording sample,neutral,
SAM_00629,Zenodo,d15-02-04-14.wav,zenodo_16210020/SITB-OSED/Actor_2Sambalpuri/d15-02-04-14.wav,Vocal recording sample,neutral,
SAM_00630,Zenodo,a40-01-04-14.wav,zenodo_16210020/SITB-OSED/Actor_2Sambalpuri/a40-01-04-14.wav,Vocal recording sample,neutral,
SAM_00631,Zenodo,s12-05-04-14.wav,zenodo_16210020/SITB-OSED/Actor_2Sambalpuri/s12-05-04-14.wav,Vocal recording sample,neutral,
SAM_00632,Zenodo,s9-05-04-14.wav,zenodo_16210020/SITB-OSED/Actor_2Sambalpuri/s9-05-04-14.wav,Vocal recording sample,neutral,
SAM_00633,Zenodo,f4-03-04-14.wav,zenodo_16210020/SITB-OSED/Actor_2Sambalpuri/f4-03-04-14.wav,Vocal recording sample,neutral,
SAM_00634,Zenodo,a23-01-04-14.wav,zenodo_16210020/SITB-OSED/Actor_2Sambalpuri/a23-01-04-14.wav,Vocal recording sample,neutral,
SAM_00635,Zenodo,h78-04-04-14.wav,zenodo_16210020/SITB-OSED/Actor_2Sambalpuri/h78-04-04-14.wav,Vocal recording sample,neutral,
SAM_00636,Zenodo,f27-03-04-14.wav,zenodo_16210020/SITB-OSED/Actor_2Sambalpuri/f27-03-04-14.wav,Vocal recording sample,neutral,
SAM_00637,Zenodo,a88-01-04-14.wav,zenodo_16210020/SITB-OSED/Actor_2Sambalpuri/a88-01-04-14.wav,Vocal recording sample,neutral,
SAM_00638,Zenodo,sr55-06-04-14.wav,zenodo_16210020/SITB-OSED/Actor_2Sambalpuri/sr55-06-04-14.wav,Vocal recording sample,neutral,
SAM_00639,Zenodo,d84-02-04-14.wav,zenodo_16210020/SITB-OSED/Actor_2Sambalpuri/d84-02-04-14.wav,Vocal recording sample,neutral,
SAM_00640,Zenodo,h79-04-04-14.wav,zenodo_16210020/SITB-OSED/Actor_2Sambalpuri/h79-04-04-14.wav,Vocal recording sample,neutral,
SAM_00641,Zenodo,a8-01-04-14.wav,zenodo_16210020/SITB-OSED/Actor_2Sambalpuri/a8-01-04-14.wav,Vocal recording sample,neutral,
SAM_00642,Zenodo,h17-04-04-14.wav,zenodo_16210020/SITB-OSED/Actor_2Sambalpuri/h17-04-04-14.wav,Vocal recording sample,neutral,
SAM_00643,Zenodo,d53-02-04-14.wav,zenodo_16210020/SITB-OSED/Actor_2Sambalpuri/d53-02-04-14.wav,Vocal recording sample,neutral,
SAM_00644,Zenodo,d34-02-04-14.wav,zenodo_16210020/SITB-OSED/Actor_2Sambalpuri/d34-02-04-14.wav,Vocal recording sample,neutral,
SAM_00645,Zenodo,s33-05-04-14.wav,zenodo_16210020/SITB-OSED/Actor_2Sambalpuri/s33-05-04-14.wav,Vocal recording sample,neutral,
SAM_00646,Zenodo,f58-03-04-14.wav,zenodo_16210020/SITB-OSED/Actor_2Sambalpuri/f58-03-04-14.wav,Vocal recording sample,neutral,
SAM_00647,Zenodo,sr68-06-04-14.wav,zenodo_16210020/SITB-OSED/Actor_2Sambalpuri/sr68-06-04-14.wav,Vocal recording sample,neutral,
SAM_00648,Zenodo,h89-04-04-14.wav,zenodo_16210020/SITB-OSED/Actor_2Sambalpuri/h89-04-04-14.wav,Vocal recording sample,neutral,
SAM_00649,Zenodo,d37-02-04-14.wav,zenodo_16210020/SITB-OSED/Actor_2Sambalpuri/d37-02-04-14.wav,Vocal recording sample,neutral,
SAM_00650,Zenodo,d68-02-04-14.wav,zenodo_16210020/SITB-OSED/Actor_2Sambalpuri/d68-02-04-14.wav,Vocal recording sample,neutral,
SAM_00651,Zenodo,f46-03-04-14.wav,zenodo_16210020/SITB-OSED/Actor_2Sambalpuri/f46-03-04-14.wav,Vocal recording sample,neutral,
SAM_00652,Zenodo,a28-01-04-14.wav,zenodo_16210020/SITB-OSED/Actor_2Sambalpuri/a28-01-04-14.wav,Vocal recording sample,neutral,
SAM_00653,Zenodo,a17-01-04-14.wav,zenodo_16210020/SITB-OSED/Actor_2Sambalpuri/a17-01-04-14.wav,Vocal recording sample,neutral,
SAM_00654,Zenodo,d31-02-04-14.wav,zenodo_16210020/SITB-OSED/Actor_2Sambalpuri/d31-02-04-14.wav,Vocal recording sample,neutral,
SAM_00655,Zenodo,a47-01-04-14.wav,zenodo_16210020/SITB-OSED/Actor_2Sambalpuri/a47-01-04-14.wav,Vocal recording sample,neutral,
SAM_00656,Zenodo,a36-01-04-14.wav,zenodo_16210020/SITB-OSED/Actor_2Sambalpuri/a36-01-04-14.wav,Vocal recording sample,neutral,
SAM_00657,Zenodo,s19-05-04-14.wav,zenodo_16210020/SITB-OSED/Actor_2Sambalpuri/s19-05-04-14.wav,Vocal recording sample,neutral,
SAM_00658,Zenodo,a48-01-04-14.wav,zenodo_16210020/SITB-OSED/Actor_2Sambalpuri/a48-01-04-14.wav,Vocal recording sample,neutral,
SAM_00659,Zenodo,d93-02-04-14.wav,zenodo_16210020/SITB-OSED/Actor_2Sambalpuri/d93-02-04-14.wav,Vocal recording sample,neutral,
SAM_00660,Zenodo,d97-02-04-14.wav,zenodo_16210020/SITB-OSED/Actor_2Sambalpuri/d97-02-04-14.wav,Vocal recording sample,neutral,
SAM_00661,Zenodo,f85-03-04-14.wav,zenodo_16210020/SITB-OSED/Actor_2Sambalpuri/f85-03-04-14.wav,Vocal recording sample,neutral,
SAM_00662,Zenodo,s81-05-04-14.wav,zenodo_16210020/SITB-OSED/Actor_2Sambalpuri/s81-05-04-14.wav,Vocal recording sample,neutral,
SAM_00663,Zenodo,a70-01-04-14.wav,zenodo_16210020/SITB-OSED/Actor_2Sambalpuri/a70-01-04-14.wav,Vocal recording sample,neutral,
SAM_00664,Zenodo,s18-05-04-14.wav,zenodo_16210020/SITB-OSED/Actor_2Sambalpuri/s18-05-04-14.wav,Vocal recording sample,neutral,
SAM_00665,Zenodo,a84-01-04-14.wav,zenodo_16210020/SITB-OSED/Actor_2Sambalpuri/a84-01-04-14.wav,Vocal recording sample,neutral,
SAM_00666,Zenodo,sr54-06-04-14.wav,zenodo_16210020/SITB-OSED/Actor_2Sambalpuri/sr54-06-04-14.wav,Vocal recording sample,neutral,
SAM_00667,Zenodo,h46-04-04-14.wav,zenodo_16210020/SITB-OSED/Actor_2Sambalpuri/h46-04-04-14.wav,Vocal recording sample,neutral,
SAM_00668,Zenodo,f71-03-04-14.wav,zenodo_16210020/SITB-OSED/Actor_2Sambalpuri/f71-03-04-14.wav,Vocal recording sample,neutral,
SAM_00669,Zenodo,f2-03-04-14.wav,zenodo_16210020/SITB-OSED/Actor_2Sambalpuri/f2-03-04-14.wav,Vocal recording sample,neutral,
SAM_00670,Zenodo,a2-01-04-14.wav,zenodo_16210020/SITB-OSED/Actor_2Sambalpuri/a2-01-04-14.wav,Vocal recording sample,neutral,
SAM_00671,Zenodo,s53-05-04-14.wav,zenodo_16210020/SITB-OSED/Actor_2Sambalpuri/s53-05-04-14.wav,Vocal recording sample,neutral,
SAM_00672,Zenodo,d59-02-04-14.wav,zenodo_16210020/SITB-OSED/Actor_2Sambalpuri/d59-02-04-14.wav,Vocal recording sample,neutral,
SAM_00673,Zenodo,f30-03-04-14.wav,zenodo_16210020/SITB-OSED/Actor_2Sambalpuri/f30-03-04-14.wav,Vocal recording sample,neutral,
SAM_00674,Zenodo,s96-05-04-14.wav,zenodo_16210020/SITB-OSED/Actor_2Sambalpuri/s96-05-04-14.wav,Vocal recording sample,neutral,
SAM_00675,Zenodo,a10-01-04-14.wav,zenodo_16210020/SITB-OSED/Actor_2Sambalpuri/a10-01-04-14.wav,Vocal recording sample,neutral,
SAM_00676,Zenodo,a80-01-04-14.wav,zenodo_16210020/SITB-OSED/Actor_2Sambalpuri/a80-01-04-14.wav,Vocal recording sample,neutral,
SAM_00677,Zenodo,sr66-06-04-14.wav,zenodo_16210020/SITB-OSED/Actor_2Sambalpuri/sr66-06-04-14.wav,Vocal recording sample,neutral,
SAM_00678,Zenodo,h41-04-04-14.wav,zenodo_16210020/SITB-OSED/Actor_2Sambalpuri/h41-04-04-14.wav,Vocal recording sample,neutral,
SAM_00679,Zenodo,a22-01-04-14.wav,zenodo_16210020/SITB-OSED/Actor_2Sambalpuri/a22-01-04-14.wav,Vocal recording sample,neutral,
SAM_00680,Zenodo,s77-05-04-14.wav,zenodo_16210020/SITB-OSED/Actor_2Sambalpuri/s77-05-04-14.wav,Vocal recording sample,neutral,
SAM_00681,Zenodo,s97-05-04-14.wav,zenodo_16210020/SITB-OSED/Actor_2Sambalpuri/s97-05-04-14.wav,Vocal recording sample,neutral,
SAM_00682,Zenodo,a86-01-04-14.wav,zenodo_16210020/SITB-OSED/Actor_2Sambalpuri/a86-01-04-14.wav,Vocal recording sample,neutral,
SAM_00683,Zenodo,d6-02-04-14.wav,zenodo_16210020/SITB-OSED/Actor_2Sambalpuri/d6-02-04-14.wav,Vocal recording sample,neutral,
SAM_00684,Zenodo,sr86-06-04-14.wav,zenodo_16210020/SITB-OSED/Actor_2Sambalpuri/sr86-06-04-14.wav,Vocal recording sample,neutral,
SAM_00685,Zenodo,s82-05-04-14.wav,zenodo_16210020/SITB-OSED/Actor_2Sambalpuri/s82-05-04-14.wav,Vocal recording sample,neutral,
SAM_00686,Zenodo,h68-04-04-14.wav,zenodo_16210020/SITB-OSED/Actor_2Sambalpuri/h68-04-04-14.wav,Vocal recording sample,neutral,
SAM_00687,Zenodo,sr40-06-04-14.wav,zenodo_16210020/SITB-OSED/Actor_2Sambalpuri/sr40-06-04-14.wav,Vocal recording sample,neutral,
SAM_00688,Zenodo,h47-04-04-14.wav,zenodo_16210020/SITB-OSED/Actor_2Sambalpuri/h47-04-04-14.wav,Vocal recording sample,neutral,
SAM_00689,Zenodo,h54-04-04-14.wav,zenodo_16210020/SITB-OSED/Actor_2Sambalpuri/h54-04-04-14.wav,Vocal recording sample,neutral,
SAM_00690,Zenodo,a38-01-04-14.wav,zenodo_16210020/SITB-OSED/Actor_2Sambalpuri/a38-01-04-14.wav,Vocal recording sample,neutral,
SAM_00691,Zenodo,d85-02-04-14.wav,zenodo_16210020/SITB-OSED/Actor_2Sambalpuri/d85-02-04-14.wav,Vocal recording sample,neutral,
SAM_00692,Zenodo,f15-03-04-14.wav,zenodo_16210020/SITB-OSED/Actor_2Sambalpuri/f15-03-04-14.wav,Vocal recording sample,neutral,
SAM_00693,Zenodo,f7-03-04-14.wav,zenodo_16210020/SITB-OSED/Actor_2Sambalpuri/f7-03-04-14.wav,Vocal recording sample,neutral,
SAM_00694,Zenodo,f43-03-04-14.wav,zenodo_16210020/SITB-OSED/Actor_2Sambalpuri/f43-03-04-14.wav,Vocal recording sample,neutral,
SAM_00695,Zenodo,a74-01-04-14.wav,zenodo_16210020/SITB-OSED/Actor_2Sambalpuri/a74-01-04-14.wav,Vocal recording sample,neutral,
SAM_00696,Zenodo,s61-05-04-14.wav,zenodo_16210020/SITB-OSED/Actor_2Sambalpuri/s61-05-04-14.wav,Vocal recording sample,neutral,
SAM_00697,Zenodo,sr93-06-04-14.wav,zenodo_16210020/SITB-OSED/Actor_2Sambalpuri/sr93-06-04-14.wav,Vocal recording sample,neutral,
SAM_00698,Zenodo,a50-01-04-14.wav,zenodo_16210020/SITB-OSED/Actor_2Sambalpuri/a50-01-04-14.wav,Vocal recording sample,neutral,
SAM_00699,Zenodo,d80-02-04-14.wav,zenodo_16210020/SITB-OSED/Actor_2Sambalpuri/d80-02-04-14.wav,Vocal recording sample,neutral,
SAM_00700,Zenodo,sr27-06-04-14.wav,zenodo_16210020/SITB-OSED/Actor_2Sambalpuri/sr27-06-04-14.wav,Vocal recording sample,neutral,
SAM_00701,Zenodo,s36-05-04-14.wav,zenodo_16210020/SITB-OSED/Actor_2Sambalpuri/s36-05-04-14.wav,Vocal recording sample,neutral,
SAM_00702,Zenodo,a67-01-04-14.wav,zenodo_16210020/SITB-OSED/Actor_2Sambalpuri/a67-01-04-14.wav,Vocal recording sample,neutral,
SAM_00703,Zenodo,d19-02-04-14.wav,zenodo_16210020/SITB-OSED/Actor_2Sambalpuri/d19-02-04-14.wav,Vocal recording sample,neutral,
SAM_00704,Zenodo,f32-03-04-14.wav,zenodo_16210020/SITB-OSED/Actor_2Sambalpuri/f32-03-04-14.wav,Vocal recording sample,neutral,
SAM_00705,Zenodo,sr83-06-04-14.wav,zenodo_16210020/SITB-OSED/Actor_2Sambalpuri/sr83-06-04-14.wav,Vocal recording sample,neutral,
SAM_00706,Zenodo,h35-04-04-14.wav,zenodo_16210020/SITB-OSED/Actor_2Sambalpuri/h35-04-04-14.wav,Vocal recording sample,neutral,
SAM_00707,Zenodo,sr18-06-04-14.wav,zenodo_16210020/SITB-OSED/Actor_2Sambalpuri/sr18-06-04-14.wav,Vocal recording sample,neutral,
SAM_00708,Zenodo,d46-02-04-14.wav,zenodo_16210020/SITB-OSED/Actor_2Sambalpuri/d46-02-04-14.wav,Vocal recording sample,neutral,
SAM_00709,Zenodo,f18-03-04-14.wav,zenodo_16210020/SITB-OSED/Actor_2Sambalpuri/f18-03-04-14.wav,Vocal recording sample,neutral,
SAM_00710,Zenodo,s31-05-04-14.wav,zenodo_16210020/SITB-OSED/Actor_2Sambalpuri/s31-05-04-14.wav,Vocal recording sample,neutral,
SAM_00711,Zenodo,f9-03-04-14.wav,zenodo_16210020/SITB-OSED/Actor_2Sambalpuri/f9-03-04-14.wav,Vocal recording sample,neutral,
SAM_00712,Zenodo,d98-02-04-14.wav,zenodo_16210020/SITB-OSED/Actor_2Sambalpuri/d98-02-04-14.wav,Vocal recording sample,neutral,
SAM_00713,Zenodo,f38-03-04-14.wav,zenodo_16210020/SITB-OSED/Actor_2Sambalpuri/f38-03-04-14.wav,Vocal recording sample,neutral,
SAM_00714,Zenodo,s3-05-04-14.wav,zenodo_16210020/SITB-OSED/Actor_2Sambalpuri/s3-05-04-14.wav,Vocal recording sample,neutral,
SAM_00715,Zenodo,d29-02-04-14.wav,zenodo_16210020/SITB-OSED/Actor_2Sambalpuri/d29-02-04-14.wav,Vocal recording sample,neutral,
SAM_00716,Zenodo,f82-03-04-14.wav,zenodo_16210020/SITB-OSED/Actor_2Sambalpuri/f82-03-04-14.wav,Vocal recording sample,neutral,
SAM_00717,Zenodo,s29-05-04-14.wav,zenodo_16210020/SITB-OSED/Actor_2Sambalpuri/s29-05-04-14.wav,Vocal recording sample,neutral,
SAM_00718,Zenodo,h23-04-04-14.wav,zenodo_16210020/SITB-OSED/Actor_2Sambalpuri/h23-04-04-14.wav,Vocal recording sample,neutral,
SAM_00719,Zenodo,f40-03-04-14.wav,zenodo_16210020/SITB-OSED/Actor_2Sambalpuri/f40-03-04-14.wav,Vocal recording sample,neutral,
SAM_00720,Zenodo,sr44-06-04-14.wav,zenodo_16210020/SITB-OSED/Actor_2Sambalpuri/sr44-06-04-14.wav,Vocal recording sample,neutral,
SAM_00721,Zenodo,f5-03-04-14.wav,zenodo_16210020/SITB-OSED/Actor_2Sambalpuri/f5-03-04-14.wav,Vocal recording sample,neutral,
SAM_00722,Zenodo,h5-04-04-14.wav,zenodo_16210020/SITB-OSED/Actor_2Sambalpuri/h5-04-04-14.wav,Vocal recording sample,neutral,
SAM_00723,Zenodo,d74-02-04-14.wav,zenodo_16210020/SITB-OSED/Actor_2Sambalpuri/d74-02-04-14.wav,Vocal recording sample,neutral,
SAM_00724,Zenodo,f41-03-04-14.wav,zenodo_16210020/SITB-OSED/Actor_2Sambalpuri/f41-03-04-14.wav,Vocal recording sample,neutral,
SAM_00725,Zenodo,f33-03-04-14.wav,zenodo_16210020/SITB-OSED/Actor_2Sambalpuri/f33-03-04-14.wav,Vocal recording sample,neutral,
SAM_00726,Zenodo,d90-02-04-14.wav,zenodo_16210020/SITB-OSED/Actor_2Sambalpuri/d90-02-04-14.wav,Vocal recording sample,neutral,
SAM_00727,Zenodo,sr31-06-04-14.wav,zenodo_16210020/SITB-OSED/Actor_2Sambalpuri/sr31-06-04-14.wav,Vocal recording sample,neutral,
SAM_00728,Zenodo,sr35-06-04-14.wav,zenodo_16210020/SITB-OSED/Actor_2Sambalpuri/sr35-06-04-14.wav,Vocal recording sample,neutral,
SAM_00729,Zenodo,f76-03-04-14.wav,zenodo_16210020/SITB-OSED/Actor_2Sambalpuri/f76-03-04-14.wav,Vocal recording sample,neutral,
SAM_00730,Zenodo,s20-05-04-14.wav,zenodo_16210020/SITB-OSED/Actor_2Sambalpuri/s20-05-04-14.wav,Vocal recording sample,neutral,
SAM_00731,Zenodo,s93-05-04-14.wav,zenodo_16210020/SITB-OSED/Actor_2Sambalpuri/s93-05-04-14.wav,Vocal recording sample,neutral,
SAM_00732,Zenodo,f97-03-04-14.wav,zenodo_16210020/SITB-OSED/Actor_2Sambalpuri/f97-03-04-14.wav,Vocal recording sample,neutral,
SAM_00733,Zenodo,sr14-06-04-14.wav,zenodo_16210020/SITB-OSED/Actor_2Sambalpuri/sr14-06-04-14.wav,Vocal recording sample,neutral,
SAM_00734,Zenodo,s35-05-04-14.wav,zenodo_16210020/SITB-OSED/Actor_2Sambalpuri/s35-05-04-14.wav,Vocal recording sample,neutral,
SAM_00735,Zenodo,d96-02-04-14.wav,zenodo_16210020/SITB-OSED/Actor_2Sambalpuri/d96-02-04-14.wav,Vocal recording sample,neutral,
SAM_00736,Zenodo,sr48-06-04-14.wav,zenodo_16210020/SITB-OSED/Actor_2Sambalpuri/sr48-06-04-14.wav,Vocal recording sample,neutral,
SAM_00737,Zenodo,h18-04-04-14.wav,zenodo_16210020/SITB-OSED/Actor_2Sambalpuri/h18-04-04-14.wav,Vocal recording sample,neutral,
SAM_00738,Zenodo,a4-01-04-14.wav,zenodo_16210020/SITB-OSED/Actor_2Sambalpuri/a4-01-04-14.wav,Vocal recording sample,neutral,
SAM_00739,Zenodo,f60-03-04-14.wav,zenodo_16210020/SITB-OSED/Actor_2Sambalpuri/f60-03-04-14.wav,Vocal recording sample,neutral,
SAM_00740,Zenodo,d21-02-04-14.wav,zenodo_16210020/SITB-OSED/Actor_2Sambalpuri/d21-02-04-14.wav,Vocal recording sample,neutral,
SAM_00741,Zenodo,s66-05-04-14.wav,zenodo_16210020/SITB-OSED/Actor_2Sambalpuri/s66-05-04-14.wav,Vocal recording sample,neutral,
SAM_00742,Zenodo,a76-01-04-14.wav,zenodo_16210020/SITB-OSED/Actor_2Sambalpuri/a76-01-04-14.wav,Vocal recording sample,neutral,
SAM_00743,Zenodo,sr42-06-04-14.wav,zenodo_16210020/SITB-OSED/Actor_2Sambalpuri/sr42-06-04-14.wav,Vocal recording sample,neutral,
SAM_00744,Zenodo,d5-02-04-14.wav,zenodo_16210020/SITB-OSED/Actor_2Sambalpuri/d5-02-04-14.wav,Vocal recording sample,neutral,
SAM_00745,Zenodo,d95-02-04-14.wav,zenodo_16210020/SITB-OSED/Actor_2Sambalpuri/d95-02-04-14.wav,Vocal recording sample,neutral,
SAM_00746,Zenodo,s56-05-04-14.wav,zenodo_16210020/SITB-OSED/Actor_2Sambalpuri/s56-05-04-14.wav,Vocal recording sample,neutral,
SAM_00747,Zenodo,f88-03-04-14.wav,zenodo_16210020/SITB-OSED/Actor_2Sambalpuri/f88-03-04-14.wav,Vocal recording sample,neutral,
SAM_00748,Zenodo,d32-02-04-14.wav,zenodo_16210020/SITB-OSED/Actor_2Sambalpuri/d32-02-04-14.wav,Vocal recording sample,neutral,
SAM_00749,Zenodo,a42-01-04-14.wav,zenodo_16210020/SITB-OSED/Actor_2Sambalpuri/a42-01-04-14.wav,Vocal recording sample,neutral,
SAM_00750,Zenodo,s60-05-04-14.wav,zenodo_16210020/SITB-OSED/Actor_2Sambalpuri/s60-05-04-14.wav,Vocal recording sample,neutral,
SAM_00751,Zenodo,s85-05-04-14.wav,zenodo_16210020/SITB-OSED/Actor_2Sambalpuri/s85-05-04-14.wav,Vocal recording sample,neutral,
SAM_00752,Zenodo,h72-04-04-14.wav,zenodo_16210020/SITB-OSED/Actor_2Sambalpuri/h72-04-04-14.wav,Vocal recording sample,neutral,
SAM_00753,Zenodo,f87-03-04-14.wav,zenodo_16210020/SITB-OSED/Actor_2Sambalpuri/f87-03-04-14.wav,Vocal recording sample,neutral,
SAM_00754,Zenodo,sr5-06-04-14.wav,zenodo_16210020/SITB-OSED/Actor_2Sambalpuri/sr5-06-04-14.wav,Vocal recording sample,neutral,
SAM_00755,Zenodo,sr80-06-04-14.wav,zenodo_16210020/SITB-OSED/Actor_2Sambalpuri/sr80-06-04-14.wav,Vocal recording sample,neutral,
SAM_00756,Zenodo,sr56-06-04-14.wav,zenodo_16210020/SITB-OSED/Actor_2Sambalpuri/sr56-06-04-14.wav,Vocal recording sample,neutral,
SAM_00757,Zenodo,d47-02-04-14.wav,zenodo_16210020/SITB-OSED/Actor_2Sambalpuri/d47-02-04-14.wav,Vocal recording sample,neutral,
SAM_00758,Zenodo,h53-04-04-14.wav,zenodo_16210020/SITB-OSED/Actor_2Sambalpuri/h53-04-04-14.wav,Vocal recording sample,neutral,
SAM_00759,Zenodo,sr94-06-04-14.wav,zenodo_16210020/SITB-OSED/Actor_2Sambalpuri/sr94-06-04-14.wav,Vocal recording sample,neutral,
SAM_00760,Zenodo,f6-03-04-14.wav,zenodo_16210020/SITB-OSED/Actor_2Sambalpuri/f6-03-04-14.wav,Vocal recording sample,neutral,
SAM_00761,Zenodo,d64-02-04-14.wav,zenodo_16210020/SITB-OSED/Actor_2Sambalpuri/d64-02-04-14.wav,Vocal recording sample,neutral,
SAM_00762,Zenodo,a78-01-04-14.wav,zenodo_16210020/SITB-OSED/Actor_2Sambalpuri/a78-01-04-14.wav,Vocal recording sample,neutral,
SAM_00763,Zenodo,a81-01-04-14.wav,zenodo_16210020/SITB-OSED/Actor_2Sambalpuri/a81-01-04-14.wav,Vocal recording sample,neutral,
SAM_00764,Zenodo,sr22-06-04-14.wav,zenodo_16210020/SITB-OSED/Actor_2Sambalpuri/sr22-06-04-14.wav,Vocal recording sample,neutral,
SAM_00765,Zenodo,sr88-06-04-14.wav,zenodo_16210020/SITB-OSED/Actor_2Sambalpuri/sr88-06-04-14.wav,Vocal recording sample,neutral,
SAM_00766,Zenodo,a14-01-04-14.wav,zenodo_16210020/SITB-OSED/Actor_2Sambalpuri/a14-01-04-14.wav,Vocal recording sample,neutral,
SAM_00767,Zenodo,h84-04-04-14.wav,zenodo_16210020/SITB-OSED/Actor_2Sambalpuri/h84-04-04-14.wav,Vocal recording sample,neutral,
SAM_00768,Zenodo,a73-01-04-14.wav,zenodo_16210020/SITB-OSED/Actor_2Sambalpuri/a73-01-04-14.wav,Vocal recording sample,neutral,
SAM_00769,Zenodo,s58-05-04-14.wav,zenodo_16210020/SITB-OSED/Actor_2Sambalpuri/s58-05-04-14.wav,Vocal recording sample,neutral,
SAM_00770,Zenodo,s49-05-04-14.wav,zenodo_16210020/SITB-OSED/Actor_2Sambalpuri/s49-05-04-14.wav,Vocal recording sample,neutral,
SAM_00771,Zenodo,d89-02-04-14.wav,zenodo_16210020/SITB-OSED/Actor_2Sambalpuri/d89-02-04-14.wav,Vocal recording sample,neutral,
SAM_00772,Zenodo,f75-03-04-14.wav,zenodo_16210020/SITB-OSED/Actor_2Sambalpuri/f75-03-04-14.wav,Vocal recording sample,neutral,
SAM_00773,Zenodo,f21-03-04-14.wav,zenodo_16210020/SITB-OSED/Actor_2Sambalpuri/f21-03-04-14.wav,Vocal recording sample,neutral,
SAM_00774,Zenodo,d9-02-04-14.wav,zenodo_16210020/SITB-OSED/Actor_2Sambalpuri/d9-02-04-14.wav,Vocal recording sample,neutral,
SAM_00775,Zenodo,f56-03-04-14.wav,zenodo_16210020/SITB-OSED/Actor_2Sambalpuri/f56-03-04-14.wav,Vocal recording sample,neutral,
SAM_00776,Zenodo,s84-05-04-14.wav,zenodo_16210020/SITB-OSED/Actor_2Sambalpuri/s84-05-04-14.wav,Vocal recording sample,neutral,
SAM_00777,Zenodo,h83-04-04-14.wav,zenodo_16210020/SITB-OSED/Actor_2Sambalpuri/h83-04-04-14.wav,Vocal recording sample,neutral,
SAM_00778,Zenodo,a83-01-04-14.wav,zenodo_16210020/SITB-OSED/Actor_2Sambalpuri/a83-01-04-14.wav,Vocal recording sample,neutral,
SAM_00779,Zenodo,a16-01-04-14.wav,zenodo_16210020/SITB-OSED/Actor_2Sambalpuri/a16-01-04-14.wav,Vocal recording sample,neutral,
SAM_00780,Zenodo,sr70-06-04-14.wav,zenodo_16210020/SITB-OSED/Actor_2Sambalpuri/sr70-06-04-14.wav,Vocal recording sample,neutral,
SAM_00781,Zenodo,sr75-06-04-14.wav,zenodo_16210020/SITB-OSED/Actor_2Sambalpuri/sr75-06-04-14.wav,Vocal recording sample,neutral,
SAM_00782,Zenodo,h49-04-04-14.wav,zenodo_16210020/SITB-OSED/Actor_2Sambalpuri/h49-04-04-14.wav,Vocal recording sample,neutral,
SAM_00783,Zenodo,sr79-06-04-14.wav,zenodo_16210020/SITB-OSED/Actor_2Sambalpuri/sr79-06-04-14.wav,Vocal recording sample,neutral,
SAM_00784,Zenodo,s24-05-04-14.wav,zenodo_16210020/SITB-OSED/Actor_2Sambalpuri/s24-05-04-14.wav,Vocal recording sample,neutral,
SAM_00785,Zenodo,f23-03-04-14.wav,zenodo_16210020/SITB-OSED/Actor_2Sambalpuri/f23-03-04-14.wav,Vocal recording sample,neutral,
SAM_00786,Zenodo,f31-03-04-14.wav,zenodo_16210020/SITB-OSED/Actor_2Sambalpuri/f31-03-04-14.wav,Vocal recording sample,neutral,
SAM_00787,Zenodo,f51-03-04-14.wav,zenodo_16210020/SITB-OSED/Actor_2Sambalpuri/f51-03-04-14.wav,Vocal recording sample,neutral,
SAM_00788,Zenodo,s15-05-04-14.wav,zenodo_16210020/SITB-OSED/Actor_2Sambalpuri/s15-05-04-14.wav,Vocal recording sample,neutral,
SAM_00789,Zenodo,s38-05-04-14.wav,zenodo_16210020/SITB-OSED/Actor_2Sambalpuri/s38-05-04-14.wav,Vocal recording sample,neutral,
SAM_00790,Zenodo,d48-02-04-14.wav,zenodo_16210020/SITB-OSED/Actor_2Sambalpuri/d48-02-04-14.wav,Vocal recording sample,neutral,
SAM_00791,Zenodo,h67-04-04-14.wav,zenodo_16210020/SITB-OSED/Actor_2Sambalpuri/h67-04-04-14.wav,Vocal recording sample,neutral,
SAM_00792,Zenodo,h33-04-04-14.wav,zenodo_16210020/SITB-OSED/Actor_2Sambalpuri/h33-04-04-14.wav,Vocal recording sample,neutral,
SAM_00793,Zenodo,f53-03-04-14.wav,zenodo_16210020/SITB-OSED/Actor_2Sambalpuri/f53-03-04-14.wav,Vocal recording sample,neutral,
SAM_00794,Zenodo,s41-05-04-14.wav,zenodo_16210020/SITB-OSED/Actor_2Sambalpuri/s41-05-04-14.wav,Vocal recording sample,neutral,
SAM_00795,Zenodo,sr52-06-04-14.wav,zenodo_16210020/SITB-OSED/Actor_2Sambalpuri/sr52-06-04-14.wav,Vocal recording sample,neutral,
SAM_00796,Zenodo,a26-01-04-14.wav,zenodo_16210020/SITB-OSED/Actor_2Sambalpuri/a26-01-04-14.wav,Vocal recording sample,neutral,
SAM_00797,Zenodo,a93-01-04-14.wav,zenodo_16210020/SITB-OSED/Actor_2Sambalpuri/a93-01-04-14.wav,Vocal recording sample,neutral,
SAM_00798,Zenodo,sr47-06-04-14.wav,zenodo_16210020/SITB-OSED/Actor_2Sambalpuri/sr47-06-04-14.wav,Vocal recording sample,neutral,
SAM_00799,Zenodo,a62-01-04-14.wav,zenodo_16210020/SITB-OSED/Actor_2Sambalpuri/a62-01-04-14.wav,Vocal recording sample,neutral,
SAM_00800,Zenodo,f98-03-04-14.wav,zenodo_16210020/SITB-OSED/Actor_2Sambalpuri/f98-03-04-14.wav,Vocal recording sample,neutral,
SAM_00801,Zenodo,f3-03-04-14.wav,zenodo_16210020/SITB-OSED/Actor_2Sambalpuri/f3-03-04-14.wav,Vocal recording sample,neutral,
SAM_00802,Zenodo,a92-01-04-14.wav,zenodo_16210020/SITB-OSED/Actor_2Sambalpuri/a92-01-04-14.wav,Vocal recording sample,neutral,
SAM_00803,Zenodo,a75-01-04-14.wav,zenodo_16210020/SITB-OSED/Actor_2Sambalpuri/a75-01-04-14.wav,Vocal recording sample,neutral,
SAM_00804,Zenodo,sr53-06-04-14.wav,zenodo_16210020/SITB-OSED/Actor_2Sambalpuri/sr53-06-04-14.wav,Vocal recording sample,neutral,
SAM_00805,Zenodo,d49-02-04-14.wav,zenodo_16210020/SITB-OSED/Actor_2Sambalpuri/d49-02-04-14.wav,Vocal recording sample,neutral,
SAM_00806,Zenodo,s50-05-04-14.wav,zenodo_16210020/SITB-OSED/Actor_2Sambalpuri/s50-05-04-14.wav,Vocal recording sample,neutral,
SAM_00807,Zenodo,sr65-06-04-14.wav,zenodo_16210020/SITB-OSED/Actor_2Sambalpuri/sr65-06-04-14.wav,Vocal recording sample,neutral,
SAM_00808,Zenodo,f11-03-04-14.wav,zenodo_16210020/SITB-OSED/Actor_2Sambalpuri/f11-03-04-14.wav,Vocal recording sample,neutral,
SAM_00809,Zenodo,sr8-06-04-14.wav,zenodo_16210020/SITB-OSED/Actor_2Sambalpuri/sr8-06-04-14.wav,Vocal recording sample,neutral,
SAM_00810,Zenodo,s32-05-04-14.wav,zenodo_16210020/SITB-OSED/Actor_2Sambalpuri/s32-05-04-14.wav,Vocal recording sample,neutral,
SAM_00811,Zenodo,f12-03-04-14.wav,zenodo_16210020/SITB-OSED/Actor_2Sambalpuri/f12-03-04-14.wav,Vocal recording sample,neutral,
SAM_00812,Zenodo,f45-03-04-14.wav,zenodo_16210020/SITB-OSED/Actor_2Sambalpuri/f45-03-04-14.wav,Vocal recording sample,neutral,
SAM_00813,Zenodo,sr16-06-04-14.wav,zenodo_16210020/SITB-OSED/Actor_2Sambalpuri/sr16-06-04-14.wav,Vocal recording sample,neutral,
SAM_00814,Zenodo,d28-02-04-14.wav,zenodo_16210020/SITB-OSED/Actor_2Sambalpuri/d28-02-04-14.wav,Vocal recording sample,neutral,
SAM_00815,Zenodo,a66-01-04-14.wav,zenodo_16210020/SITB-OSED/Actor_2Sambalpuri/a66-01-04-14.wav,Vocal recording sample,neutral,
SAM_00816,Zenodo,f84-03-04-14.wav,zenodo_16210020/SITB-OSED/Actor_2Sambalpuri/f84-03-04-14.wav,Vocal recording sample,neutral,
SAM_00817,Zenodo,sr46-06-04-14.wav,zenodo_16210020/SITB-OSED/Actor_2Sambalpuri/sr46-06-04-14.wav,Vocal recording sample,neutral,
SAM_00818,Zenodo,a21-01-04-14.wav,zenodo_16210020/SITB-OSED/Actor_2Sambalpuri/a21-01-04-14.wav,Vocal recording sample,neutral,
SAM_00819,Zenodo,a24-01-04-14.wav,zenodo_16210020/SITB-OSED/Actor_2Sambalpuri/a24-01-04-14.wav,Vocal recording sample,neutral,
SAM_00820,Zenodo,a31-01-04-14.wav,zenodo_16210020/SITB-OSED/Actor_2Sambalpuri/a31-01-04-14.wav,Vocal recording sample,neutral,
SAM_00821,Zenodo,h80-04-04-14.wav,zenodo_16210020/SITB-OSED/Actor_2Sambalpuri/h80-04-04-14.wav,Vocal recording sample,neutral,
SAM_00822,Zenodo,d56-02-04-14.wav,zenodo_16210020/SITB-OSED/Actor_2Sambalpuri/d56-02-04-14.wav,Vocal recording sample,neutral,
SAM_00823,Zenodo,f93-03-04-14.wav,zenodo_16210020/SITB-OSED/Actor_2Sambalpuri/f93-03-04-14.wav,Vocal recording sample,neutral,
SAM_00824,Zenodo,f95-03-04-14.wav,zenodo_16210020/SITB-OSED/Actor_2Sambalpuri/f95-03-04-14.wav,Vocal recording sample,neutral,
SAM_00825,Zenodo,sr36-06-04-14.wav,zenodo_16210020/SITB-OSED/Actor_2Sambalpuri/sr36-06-04-14.wav,Vocal recording sample,neutral,
SAM_00826,Zenodo,sr11-06-04-14.wav,zenodo_16210020/SITB-OSED/Actor_2Sambalpuri/sr11-06-04-14.wav,Vocal recording sample,neutral,
SAM_00827,Zenodo,d63-02-04-14.wav,zenodo_16210020/SITB-OSED/Actor_2Sambalpuri/d63-02-04-14.wav,Vocal recording sample,neutral,
SAM_00828,Zenodo,sr3-06-04-14.wav,zenodo_16210020/SITB-OSED/Actor_2Sambalpuri/sr3-06-04-14.wav,Vocal recording sample,neutral,
SAM_00829,Zenodo,sr24-06-04-14.wav,zenodo_16210020/SITB-OSED/Actor_2Sambalpuri/sr24-06-04-14.wav,Vocal recording sample,neutral,
SAM_00830,Zenodo,a45-01-04-14.wav,zenodo_16210020/SITB-OSED/Actor_2Sambalpuri/a45-01-04-14.wav,Vocal recording sample,neutral,
SAM_00831,Zenodo,s34-05-04-14.wav,zenodo_16210020/SITB-OSED/Actor_2Sambalpuri/s34-05-04-14.wav,Vocal recording sample,neutral,
SAM_00832,Zenodo,h43-04-04-14.wav,zenodo_16210020/SITB-OSED/Actor_2Sambalpuri/h43-04-04-14.wav,Vocal recording sample,neutral,
SAM_00833,Zenodo,sr33-06-04-14.wav,zenodo_16210020/SITB-OSED/Actor_2Sambalpuri/sr33-06-04-14.wav,Vocal recording sample,neutral,
SAM_00834,Zenodo,f8-03-04-14.wav,zenodo_16210020/SITB-OSED/Actor_2Sambalpuri/f8-03-04-14.wav,Vocal recording sample,neutral,
SAM_00835,Zenodo,sr25-06-04-14.wav,zenodo_16210020/SITB-OSED/Actor_2Sambalpuri/sr25-06-04-14.wav,Vocal recording sample,neutral,
SAM_00836,Zenodo,h8-04-04-14.wav,zenodo_16210020/SITB-OSED/Actor_2Sambalpuri/h8-04-04-14.wav,Vocal recording sample,neutral,
SAM_00837,Zenodo,h32-04-04-14.wav,zenodo_16210020/SITB-OSED/Actor_2Sambalpuri/h32-04-04-14.wav,Vocal recording sample,neutral,
SAM_00838,Zenodo,a39-01-04-14.wav,zenodo_16210020/SITB-OSED/Actor_2Sambalpuri/a39-01-04-14.wav,Vocal recording sample,neutral,
SAM_00839,Zenodo,a91-01-04-14.wav,zenodo_16210020/SITB-OSED/Actor_2Sambalpuri/a91-01-04-14.wav,Vocal recording sample,neutral,
SAM_00840,Zenodo,s74-05-04-14.wav,zenodo_16210020/SITB-OSED/Actor_2Sambalpuri/s74-05-04-14.wav,Vocal recording sample,neutral,
SAM_00841,Zenodo,d72-02-04-14.wav,zenodo_16210020/SITB-OSED/Actor_2Sambalpuri/d72-02-04-14.wav,Vocal recording sample,neutral,
SAM_00842,Zenodo,h90-04-04-14.wav,zenodo_16210020/SITB-OSED/Actor_2Sambalpuri/h90-04-04-14.wav,Vocal recording sample,neutral,
SAM_00843,Zenodo,sr95-06-04-14.wav,zenodo_16210020/SITB-OSED/Actor_2Sambalpuri/sr95-06-04-14.wav,Vocal recording sample,neutral,
SAM_00844,Zenodo,a19-01-04-14.wav,zenodo_16210020/SITB-OSED/Actor_2Sambalpuri/a19-01-04-14.wav,Vocal recording sample,neutral,
SAM_00845,Zenodo,s92-05-04-14.wav,zenodo_16210020/SITB-OSED/Actor_2Sambalpuri/s92-05-04-14.wav,Vocal recording sample,neutral,
SAM_00846,Zenodo,a63-01-04-14.wav,zenodo_16210020/SITB-OSED/Actor_2Sambalpuri/a63-01-04-14.wav,Vocal recording sample,neutral,
SAM_00847,Zenodo,sr89-06-04-14.wav,zenodo_16210020/SITB-OSED/Actor_2Sambalpuri/sr89-06-04-14.wav,Vocal recording sample,neutral,
SAM_00848,Zenodo,h93-04-04-14.wav,zenodo_16210020/SITB-OSED/Actor_2Sambalpuri/h93-04-04-14.wav,Vocal recording sample,neutral,
SAM_00849,Zenodo,sr74-06-04-14.wav,zenodo_16210020/SITB-OSED/Actor_2Sambalpuri/sr74-06-04-14.wav,Vocal recording sample,neutral,
SAM_00850,Zenodo,h50-04-04-14.wav,zenodo_16210020/SITB-OSED/Actor_2Sambalpuri/h50-04-04-14.wav,Vocal recording sample,neutral,
SAM_00851,Zenodo,a9-01-04-14.wav,zenodo_16210020/SITB-OSED/Actor_2Sambalpuri/a9-01-04-14.wav,Vocal recording sample,neutral,
SAM_00852,Zenodo,d87-02-04-14.wav,zenodo_16210020/SITB-OSED/Actor_2Sambalpuri/d87-02-04-14.wav,Vocal recording sample,neutral,
SAM_00853,Zenodo,s42-05-04-14.wav,zenodo_16210020/SITB-OSED/Actor_2Sambalpuri/s42-05-04-14.wav,Vocal recording sample,neutral,
SAM_00854,Zenodo,sr29-06-04-14.wav,zenodo_16210020/SITB-OSED/Actor_2Sambalpuri/sr29-06-04-14.wav,Vocal recording sample,neutral,
SAM_00855,Zenodo,f70-03-04-14.wav,zenodo_16210020/SITB-OSED/Actor_2Sambalpuri/f70-03-04-14.wav,Vocal recording sample,neutral,
SAM_00856,Zenodo,d27-02-04-14.wav,zenodo_16210020/SITB-OSED/Actor_2Sambalpuri/d27-02-04-14.wav,Vocal recording sample,neutral,
SAM_00857,Zenodo,a33-01-04-14.wav,zenodo_16210020/SITB-OSED/Actor_2Sambalpuri/a33-01-04-14.wav,Vocal recording sample,neutral,
SAM_00858,Zenodo,d51-02-04-14.wav,zenodo_16210020/SITB-OSED/Actor_2Sambalpuri/d51-02-04-14.wav,Vocal recording sample,neutral,
SAM_00859,Zenodo,d81-02-04-14.wav,zenodo_16210020/SITB-OSED/Actor_2Sambalpuri/d81-02-04-14.wav,Vocal recording sample,neutral,
SAM_00860,Zenodo,h28-04-04-14.wav,zenodo_16210020/SITB-OSED/Actor_2Sambalpuri/h28-04-04-14.wav,Vocal recording sample,neutral,
SAM_00861,Zenodo,d92-02-04-14.wav,zenodo_16210020/SITB-OSED/Actor_2Sambalpuri/d92-02-04-14.wav,Vocal recording sample,neutral,
SAM_00862,Zenodo,h87-04-04-14.wav,zenodo_16210020/SITB-OSED/Actor_2Sambalpuri/h87-04-04-14.wav,Vocal recording sample,neutral,
SAM_00863,Zenodo,h44-04-04-14.wav,zenodo_16210020/SITB-OSED/Actor_2Sambalpuri/h44-04-04-14.wav,Vocal recording sample,neutral,
SAM_00864,Zenodo,f73-03-04-14.wav,zenodo_16210020/SITB-OSED/Actor_2Sambalpuri/f73-03-04-14.wav,Vocal recording sample,neutral,
SAM_00865,Zenodo,s59-05-04-14.wav,zenodo_16210020/SITB-OSED/Actor_2Sambalpuri/s59-05-04-14.wav,Vocal recording sample,neutral,
SAM_00866,Zenodo,s94-05-04-14.wav,zenodo_16210020/SITB-OSED/Actor_2Sambalpuri/s94-05-04-14.wav,Vocal recording sample,neutral,
SAM_00867,Zenodo,f86-03-04-14.wav,zenodo_16210020/SITB-OSED/Actor_2Sambalpuri/f86-03-04-14.wav,Vocal recording sample,neutral,
SAM_00868,Zenodo,s68-05-04-14.wav,zenodo_16210020/SITB-OSED/Actor_2Sambalpuri/s68-05-04-14.wav,Vocal recording sample,neutral,
SAM_00869,Zenodo,sr21-06-04-14.wav,zenodo_16210020/SITB-OSED/Actor_2Sambalpuri/sr21-06-04-14.wav,Vocal recording sample,neutral,
SAM_00870,Zenodo,f74-03-04-14.wav,zenodo_16210020/SITB-OSED/Actor_2Sambalpuri/f74-03-04-14.wav,Vocal recording sample,neutral,
SAM_00871,Zenodo,a44-01-04-14.wav,zenodo_16210020/SITB-OSED/Actor_2Sambalpuri/a44-01-04-14.wav,Vocal recording sample,neutral,
SAM_00872,Zenodo,d4-02-04-14.wav,zenodo_16210020/SITB-OSED/Actor_2Sambalpuri/d4-02-04-14.wav,Vocal recording sample,neutral,
SAM_00873,Zenodo,f83-03-04-14.wav,zenodo_16210020/SITB-OSED/Actor_2Sambalpuri/f83-03-04-14.wav,Vocal recording sample,neutral,
SAM_00874,Zenodo,h2-04-04-14.wav,zenodo_16210020/SITB-OSED/Actor_2Sambalpuri/h2-04-04-14.wav,Vocal recording sample,neutral,
SAM_00875,Zenodo,a77-01-04-14.wav,zenodo_16210020/SITB-OSED/Actor_2Sambalpuri/a77-01-04-14.wav,Vocal recording sample,neutral,
SAM_00876,Zenodo,d20-02-04-14.wav,zenodo_16210020/SITB-OSED/Actor_2Sambalpuri/d20-02-04-14.wav,Vocal recording sample,neutral,
SAM_00877,Zenodo,f10-03-04-14.wav,zenodo_16210020/SITB-OSED/Actor_2Sambalpuri/f10-03-04-14.wav,Vocal recording sample,neutral,
SAM_00878,Zenodo,f57-03-04-14.wav,zenodo_16210020/SITB-OSED/Actor_2Sambalpuri/f57-03-04-14.wav,Vocal recording sample,neutral,
SAM_00879,Zenodo,f94-03-04-14.wav,zenodo_16210020/SITB-OSED/Actor_2Sambalpuri/f94-03-04-14.wav,Vocal recording sample,neutral,
SAM_00880,Zenodo,d82-02-04-14.wav,zenodo_16210020/SITB-OSED/Actor_2Sambalpuri/d82-02-04-14.wav,Vocal recording sample,neutral,
SAM_00881,Zenodo,h45-04-04-14.wav,zenodo_16210020/SITB-OSED/Actor_2Sambalpuri/h45-04-04-14.wav,Vocal recording sample,neutral,
SAM_00882,Zenodo,a43-01-04-14.wav,zenodo_16210020/SITB-OSED/Actor_2Sambalpuri/a43-01-04-14.wav,Vocal recording sample,neutral,
SAM_00883,Zenodo,sr76-06-04-14.wav,zenodo_16210020/SITB-OSED/Actor_2Sambalpuri/sr76-06-04-14.wav,Vocal recording sample,neutral,
SAM_00884,Zenodo,a72-01-04-14.wav,zenodo_16210020/SITB-OSED/Actor_2Sambalpuri/a72-01-04-14.wav,Vocal recording sample,neutral,
SAM_00885,Zenodo,sr91-06-04-14.wav,zenodo_16210020/SITB-OSED/Actor_2Sambalpuri/sr91-06-04-14.wav,Vocal recording sample,neutral,
SAM_00886,Zenodo,d11-02-04-14.wav,zenodo_16210020/SITB-OSED/Actor_2Sambalpuri/d11-02-04-14.wav,Vocal recording sample,neutral,
SAM_00887,Zenodo,a35-01-04-14.wav,zenodo_16210020/SITB-OSED/Actor_2Sambalpuri/a35-01-04-14.wav,Vocal recording sample,neutral,
SAM_00888,Zenodo,sr23-06-04-14.wav,zenodo_16210020/SITB-OSED/Actor_2Sambalpuri/sr23-06-04-14.wav,Vocal recording sample,neutral,
SAM_00889,Zenodo,d75-02-04-14.wav,zenodo_16210020/SITB-OSED/Actor_2Sambalpuri/d75-02-04-14.wav,Vocal recording sample,neutral,
SAM_00890,Zenodo,s79-05-04-14.wav,zenodo_16210020/SITB-OSED/Actor_2Sambalpuri/s79-05-04-14.wav,Vocal recording sample,neutral,
SAM_00891,Zenodo,sr92-06-04-14.wav,zenodo_16210020/SITB-OSED/Actor_2Sambalpuri/sr92-06-04-14.wav,Vocal recording sample,neutral,
SAM_00892,Zenodo,sr62-06-04-14.wav,zenodo_16210020/SITB-OSED/Actor_2Sambalpuri/sr62-06-04-14.wav,Vocal recording sample,neutral,
SAM_00893,Zenodo,h13-04-04-14.wav,zenodo_16210020/SITB-OSED/Actor_2Sambalpuri/h13-04-04-14.wav,Vocal recording sample,neutral,
SAM_00894,Zenodo,h71-04-04-14.wav,zenodo_16210020/SITB-OSED/Actor_2Sambalpuri/h71-04-04-14.wav,Vocal recording sample,neutral,
SAM_00895,Zenodo,f54-03-04-14.wav,zenodo_16210020/SITB-OSED/Actor_2Sambalpuri/f54-03-04-14.wav,Vocal recording sample,neutral,
SAM_00896,Zenodo,f79-03-04-14.wav,zenodo_16210020/SITB-OSED/Actor_2Sambalpuri/f79-03-04-14.wav,Vocal recording sample,neutral,
SAM_00897,Zenodo,f90-03-04-14.wav,zenodo_16210020/SITB-OSED/Actor_2Sambalpuri/f90-03-04-14.wav,Vocal recording sample,neutral,
SAM_00898,Zenodo,s89-05-04-14.wav,zenodo_16210020/SITB-OSED/Actor_2Sambalpuri/s89-05-04-14.wav,Vocal recording sample,neutral,
SAM_00899,Zenodo,f65-03-04-14.wav,zenodo_16210020/SITB-OSED/Actor_2Sambalpuri/f65-03-04-14.wav,Vocal recording sample,neutral,
SAM_00900,Zenodo,sr39-06-04-14.wav,zenodo_16210020/SITB-OSED/Actor_2Sambalpuri/sr39-06-04-14.wav,Vocal recording sample,neutral,
SAM_00901,Zenodo,s71-05-04-14.wav,zenodo_16210020/SITB-OSED/Actor_2Sambalpuri/s71-05-04-14.wav,Vocal recording sample,neutral,
SAM_00902,Zenodo,h11-04-04-14.wav,zenodo_16210020/SITB-OSED/Actor_2Sambalpuri/h11-04-04-14.wav,Vocal recording sample,neutral,
SAM_00903,Zenodo,h24-04-04-14.wav,zenodo_16210020/SITB-OSED/Actor_2Sambalpuri/h24-04-04-14.wav,Vocal recording sample,neutral,
SAM_00904,Zenodo,sr15-06-04-14.wav,zenodo_16210020/SITB-OSED/Actor_2Sambalpuri/sr15-06-04-14.wav,Vocal recording sample,neutral,
SAM_00905,Zenodo,f68-03-04-14.wav,zenodo_16210020/SITB-OSED/Actor_2Sambalpuri/f68-03-04-14.wav,Vocal recording sample,neutral,
SAM_00906,Zenodo,s45-05-04-14.wav,zenodo_16210020/SITB-OSED/Actor_2Sambalpuri/s45-05-04-14.wav,Vocal recording sample,neutral,
SAM_00907,Zenodo,s5-05-04-14.wav,zenodo_16210020/SITB-OSED/Actor_2Sambalpuri/s5-05-04-14.wav,Vocal recording sample,neutral,
SAM_00908,Zenodo,f16-03-04-14.wav,zenodo_16210020/SITB-OSED/Actor_2Sambalpuri/f16-03-04-14.wav,Vocal recording sample,neutral,
SAM_00909,Zenodo,sr77-06-04-14.wav,zenodo_16210020/SITB-OSED/Actor_2Sambalpuri/sr77-06-04-14.wav,Vocal recording sample,neutral,
SAM_00910,Zenodo,s16-05-04-14.wav,zenodo_16210020/SITB-OSED/Actor_2Sambalpuri/s16-05-04-14.wav,Vocal recording sample,neutral,
SAM_00911,Zenodo,d14-02-04-14.wav,zenodo_16210020/SITB-OSED/Actor_2Sambalpuri/d14-02-04-14.wav,Vocal recording sample,neutral,
SAM_00912,Zenodo,a15-01-04-14.wav,zenodo_16210020/SITB-OSED/Actor_2Sambalpuri/a15-01-04-14.wav,Vocal recording sample,neutral,
SAM_00913,Zenodo,a94-01-04-14.wav,zenodo_16210020/SITB-OSED/Actor_2Sambalpuri/a94-01-04-14.wav,Vocal recording sample,neutral,
SAM_00914,Zenodo,h26-04-04-14.wav,zenodo_16210020/SITB-OSED/Actor_2Sambalpuri/h26-04-04-14.wav,Vocal recording sample,neutral,
SAM_00915,Zenodo,h63-04-04-14.wav,zenodo_16210020/SITB-OSED/Actor_2Sambalpuri/h63-04-04-14.wav,Vocal recording sample,neutral,
SAM_00916,Zenodo,h66-04-04-14.wav,zenodo_16210020/SITB-OSED/Actor_2Sambalpuri/h66-04-04-14.wav,Vocal recording sample,neutral,
SAM_00917,Zenodo,f66-03-04-14.wav,zenodo_16210020/SITB-OSED/Actor_2Sambalpuri/f66-03-04-14.wav,Vocal recording sample,neutral,
SAM_00918,Zenodo,d43-02-04-14.wav,zenodo_16210020/SITB-OSED/Actor_2Sambalpuri/d43-02-04-14.wav,Vocal recording sample,neutral,
SAM_00919,Zenodo,s64-05-04-14.wav,zenodo_16210020/SITB-OSED/Actor_2Sambalpuri/s64-05-04-14.wav,Vocal recording sample,neutral,
SAM_00920,Zenodo,sr9-06-04-14.wav,zenodo_16210020/SITB-OSED/Actor_2Sambalpuri/sr9-06-04-14.wav,Vocal recording sample,neutral,
SAM_00921,Zenodo,f69-03-04-14.wav,zenodo_16210020/SITB-OSED/Actor_2Sambalpuri/f69-03-04-14.wav,Vocal recording sample,neutral,
SAM_00922,Zenodo,s46-05-04-14.wav,zenodo_16210020/SITB-OSED/Actor_2Sambalpuri/s46-05-04-14.wav,Vocal recording sample,neutral,
SAM_00923,Zenodo,a60-01-04-14.wav,zenodo_16210020/SITB-OSED/Actor_2Sambalpuri/a60-01-04-14.wav,Vocal recording sample,neutral,
SAM_00924,Zenodo,d67-02-04-14.wav,zenodo_16210020/SITB-OSED/Actor_2Sambalpuri/d67-02-04-14.wav,Vocal recording sample,neutral,
SAM_00925,Zenodo,h15-04-04-14.wav,zenodo_16210020/SITB-OSED/Actor_2Sambalpuri/h15-04-04-14.wav,Vocal recording sample,neutral,
SAM_00926,Zenodo,f72-03-04-14.wav,zenodo_16210020/SITB-OSED/Actor_2Sambalpuri/f72-03-04-14.wav,Vocal recording sample,neutral,
SAM_00927,Zenodo,a61-01-04-14.wav,zenodo_16210020/SITB-OSED/Actor_2Sambalpuri/a61-01-04-14.wav,Vocal recording sample,neutral,
SAM_00928,Zenodo,s55-05-04-14.wav,zenodo_16210020/SITB-OSED/Actor_2Sambalpuri/s55-05-04-14.wav,Vocal recording sample,neutral,
SAM_00929,Zenodo,h77-04-04-14.wav,zenodo_16210020/SITB-OSED/Actor_2Sambalpuri/h77-04-04-14.wav,Vocal recording sample,neutral,
SAM_00930,Zenodo,f37-03-04-14.wav,zenodo_16210020/SITB-OSED/Actor_2Sambalpuri/f37-03-04-14.wav,Vocal recording sample,neutral,
SAM_00931,Zenodo,h59-04-04-14.wav,zenodo_16210020/SITB-OSED/Actor_2Sambalpuri/h59-04-04-14.wav,Vocal recording sample,neutral,
SAM_00932,Zenodo,s51-05-04-14.wav,zenodo_16210020/SITB-OSED/Actor_2Sambalpuri/s51-05-04-14.wav,Vocal recording sample,neutral,
SAM_00933,Zenodo,s72-05-04-14.wav,zenodo_16210020/SITB-OSED/Actor_2Sambalpuri/s72-05-04-14.wav,Vocal recording sample,neutral,
SAM_00934,Zenodo,sr71-06-04-14.wav,zenodo_16210020/SITB-OSED/Actor_2Sambalpuri/sr71-06-04-14.wav,Vocal recording sample,neutral,
SAM_00935,Zenodo,s86-05-04-14.wav,zenodo_16210020/SITB-OSED/Actor_2Sambalpuri/s86-05-04-14.wav,Vocal recording sample,neutral,
SAM_00936,Zenodo,d73-02-04-14.wav,zenodo_16210020/SITB-OSED/Actor_2Sambalpuri/d73-02-04-14.wav,Vocal recording sample,neutral,
SAM_00937,Zenodo,f50-03-04-14.wav,zenodo_16210020/SITB-OSED/Actor_2Sambalpuri/f50-03-04-14.wav,Vocal recording sample,neutral,
SAM_00938,Zenodo,d52-02-04-14.wav,zenodo_16210020/SITB-OSED/Actor_2Sambalpuri/d52-02-04-14.wav,Vocal recording sample,neutral,
SAM_00939,Zenodo,s4-05-04-14.wav,zenodo_16210020/SITB-OSED/Actor_2Sambalpuri/s4-05-04-14.wav,Vocal recording sample,neutral,
SAM_00940,Zenodo,f36-03-04-14.wav,zenodo_16210020/SITB-OSED/Actor_2Sambalpuri/f36-03-04-14.wav,Vocal recording sample,neutral,
SAM_00941,Zenodo,s10-05-04-14.wav,zenodo_16210020/SITB-OSED/Actor_2Sambalpuri/s10-05-04-14.wav,Vocal recording sample,neutral,
SAM_00942,Zenodo,f44-03-04-14.wav,zenodo_16210020/SITB-OSED/Actor_2Sambalpuri/f44-03-04-14.wav,Vocal recording sample,neutral,
SAM_00943,Zenodo,d23-02-04-14.wav,zenodo_16210020/SITB-OSED/Actor_2Sambalpuri/d23-02-04-14.wav,Vocal recording sample,neutral,
SAM_00944,Zenodo,h61-04-04-14.wav,zenodo_16210020/SITB-OSED/Actor_2Sambalpuri/h61-04-04-14.wav,Vocal recording sample,neutral,
SAM_00945,Zenodo,h19-04-04-14.wav,zenodo_16210020/SITB-OSED/Actor_2Sambalpuri/h19-04-04-14.wav,Vocal recording sample,neutral,
SAM_00946,Zenodo,h22-04-04-14.wav,zenodo_16210020/SITB-OSED/Actor_2Sambalpuri/h22-04-04-14.wav,Vocal recording sample,neutral,
SAM_00947,Zenodo,sr32-06-04-14.wav,zenodo_16210020/SITB-OSED/Actor_2Sambalpuri/sr32-06-04-14.wav,Vocal recording sample,neutral,
SAM_00948,Zenodo,h64-04-04-14.wav,zenodo_16210020/SITB-OSED/Actor_2Sambalpuri/h64-04-04-14.wav,Vocal recording sample,neutral,
SAM_00949,Zenodo,f64-03-04-14.wav,zenodo_16210020/SITB-OSED/Actor_2Sambalpuri/f64-03-04-14.wav,Vocal recording sample,neutral,
SAM_00950,Zenodo,a37-01-04-14.wav,zenodo_16210020/SITB-OSED/Actor_2Sambalpuri/a37-01-04-14.wav,Vocal recording sample,neutral,
SAM_00951,Zenodo,sr73-06-04-14.wav,zenodo_16210020/SITB-OSED/Actor_2Sambalpuri/sr73-06-04-14.wav,Vocal recording sample,neutral,
SAM_00952,Zenodo,sr69-06-04-14.wav,zenodo_16210020/SITB-OSED/Actor_2Sambalpuri/sr69-06-04-14.wav,Vocal recording sample,neutral,
SAM_00953,Zenodo,s80-05-04-14.wav,zenodo_16210020/SITB-OSED/Actor_2Sambalpuri/s80-05-04-14.wav,Vocal recording sample,neutral,
SAM_00954,Zenodo,sr10-06-04-14.wav,zenodo_16210020/SITB-OSED/Actor_2Sambalpuri/sr10-06-04-14.wav,Vocal recording sample,neutral,
SAM_00955,Zenodo,d45-02-04-14.wav,zenodo_16210020/SITB-OSED/Actor_2Sambalpuri/d45-02-04-14.wav,Vocal recording sample,neutral,
SAM_00956,Zenodo,sr45-06-04-14.wav,zenodo_16210020/SITB-OSED/Actor_2Sambalpuri/sr45-06-04-14.wav,Vocal recording sample,neutral,
SAM_00957,Zenodo,a53-01-04-14.wav,zenodo_16210020/SITB-OSED/Actor_2Sambalpuri/a53-01-04-14.wav,Vocal recording sample,neutral,
SAM_00958,Zenodo,sr12-06-04-14.wav,zenodo_16210020/SITB-OSED/Actor_2Sambalpuri/sr12-06-04-14.wav,Vocal recording sample,neutral,
SAM_00959,Zenodo,d10-02-04-14.wav,zenodo_16210020/SITB-OSED/Actor_2Sambalpuri/d10-02-04-14.wav,Vocal recording sample,neutral,
SAM_00960,Zenodo,f48-03-04-14.wav,zenodo_16210020/SITB-OSED/Actor_2Sambalpuri/f48-03-04-14.wav,Vocal recording sample,neutral,
SAM_00961,Zenodo,s54-05-04-14.wav,zenodo_16210020/SITB-OSED/Actor_2Sambalpuri/s54-05-04-14.wav,Vocal recording sample,neutral,
SAM_00962,Zenodo,f14-03-04-14.wav,zenodo_16210020/SITB-OSED/Actor_2Sambalpuri/f14-03-04-14.wav,Vocal recording sample,neutral,
SAM_00963,Zenodo,s39-05-04-14.wav,zenodo_16210020/SITB-OSED/Actor_2Sambalpuri/s39-05-04-14.wav,Vocal recording sample,neutral,
SAM_00964,Zenodo,f17-03-04-14.wav,zenodo_16210020/SITB-OSED/Actor_2Sambalpuri/f17-03-04-14.wav,Vocal recording sample,neutral,
SAM_00965,Zenodo,h34-04-04-14.wav,zenodo_16210020/SITB-OSED/Actor_2Sambalpuri/h34-04-04-14.wav,Vocal recording sample,neutral,
SAM_00966,Zenodo,sr63-06-04-14.wav,zenodo_16210020/SITB-OSED/Actor_2Sambalpuri/sr63-06-04-14.wav,Vocal recording sample,neutral,
SAM_00967,Zenodo,f34-03-04-14.wav,zenodo_16210020/SITB-OSED/Actor_2Sambalpuri/f34-03-04-14.wav,Vocal recording sample,neutral,
SAM_00968,Zenodo,h7-04-04-14.wav,zenodo_16210020/SITB-OSED/Actor_2Sambalpuri/h7-04-04-14.wav,Vocal recording sample,neutral,
SAM_00969,Zenodo,a59-01-04-14.wav,zenodo_16210020/SITB-OSED/Actor_2Sambalpuri/a59-01-04-14.wav,Vocal recording sample,neutral,
SAM_00970,Zenodo,s25-05-04-14.wav,zenodo_16210020/SITB-OSED/Actor_2Sambalpuri/s25-05-04-14.wav,Vocal recording sample,neutral,
SAM_00971,Zenodo,a95-01-04-14.wav,zenodo_16210020/SITB-OSED/Actor_2Sambalpuri/a95-01-04-14.wav,Vocal recording sample,neutral,
SAM_00972,Zenodo,d70-02-04-14.wav,zenodo_16210020/SITB-OSED/Actor_2Sambalpuri/d70-02-04-14.wav,Vocal recording sample,neutral,
SAM_00973,Zenodo,sr13-06-04-14.wav,zenodo_16210020/SITB-OSED/Actor_2Sambalpuri/sr13-06-04-14.wav,Vocal recording sample,neutral,
SAM_00974,Zenodo,d57-02-04-14.wav,zenodo_16210020/SITB-OSED/Actor_2Sambalpuri/d57-02-04-14.wav,Vocal recording sample,neutral,
SAM_00975,Zenodo,f81-03-04-14.wav,zenodo_16210020/SITB-OSED/Actor_2Sambalpuri/f81-03-04-14.wav,Vocal recording sample,neutral,
SAM_00976,Zenodo,s27-05-04-14.wav,zenodo_16210020/SITB-OSED/Actor_2Sambalpuri/s27-05-04-14.wav,Vocal recording sample,neutral,
SAM_00977,Zenodo,sr78-06-04-14.wav,zenodo_16210020/SITB-OSED/Actor_2Sambalpuri/sr78-06-04-14.wav,Vocal recording sample,neutral,
SAM_00978,Zenodo,sr87-06-04-14.wav,zenodo_16210020/SITB-OSED/Actor_2Sambalpuri/sr87-06-04-14.wav,Vocal recording sample,neutral,
SAM_00979,Zenodo,h62-04-04-14.wav,zenodo_16210020/SITB-OSED/Actor_2Sambalpuri/h62-04-04-14.wav,Vocal recording sample,neutral,
SAM_00980,Zenodo,sr49-06-04-14.wav,zenodo_16210020/SITB-OSED/Actor_2Sambalpuri/sr49-06-04-14.wav,Vocal recording sample,neutral,
SAM_00981,Zenodo,d2-02-04-14.wav,zenodo_16210020/SITB-OSED/Actor_2Sambalpuri/d2-02-04-14.wav,Vocal recording sample,neutral,
SAM_00982,Zenodo,a71-01-04-14.wav,zenodo_16210020/SITB-OSED/Actor_2Sambalpuri/a71-01-04-14.wav,Vocal recording sample,neutral,
SAM_00983,Zenodo,f99-03-04-14.wav,zenodo_16210020/SITB-OSED/Actor_2Sambalpuri/f99-03-04-14.wav,Vocal recording sample,neutral,
SAM_00984,Zenodo,a1-01-04-14.wav,zenodo_16210020/SITB-OSED/Actor_2Sambalpuri/a1-01-04-14.wav,Vocal recording sample,neutral,
SAM_00985,Zenodo,s26-05-04-14.wav,zenodo_16210020/SITB-OSED/Actor_2Sambalpuri/s26-05-04-14.wav,Vocal recording sample,neutral,
SAM_00986,Zenodo,sr34-06-04-14.wav,zenodo_16210020/SITB-OSED/Actor_2Sambalpuri/sr34-06-04-14.wav,Vocal recording sample,neutral,
SAM_00987,Zenodo,s67-05-04-14.wav,zenodo_16210020/SITB-OSED/Actor_2Sambalpuri/s67-05-04-14.wav,Vocal recording sample,neutral,
SAM_00988,Zenodo,d36-02-04-14.wav,zenodo_16210020/SITB-OSED/Actor_2Sambalpuri/d36-02-04-14.wav,Vocal recording sample,neutral,
SAM_00989,Zenodo,h86-04-04-14.wav,zenodo_16210020/SITB-OSED/Actor_2Sambalpuri/h86-04-04-14.wav,Vocal recording sample,neutral,
SAM_00990,Zenodo,h58-04-04-14.wav,zenodo_16210020/SITB-OSED/Actor_2Sambalpuri/h58-04-04-14.wav,Vocal recording sample,neutral,
SAM_00991,Zenodo,sr28-06-04-14.wav,zenodo_16210020/SITB-OSED/Actor_2Sambalpuri/sr28-06-04-14.wav,Vocal recording sample,neutral,
SAM_00992,Zenodo,sr17-06-04-14.wav,zenodo_16210020/SITB-OSED/Actor_2Sambalpuri/sr17-06-04-14.wav,Vocal recording sample,neutral,
SAM_00993,Zenodo,h14-04-04-14.wav,zenodo_16210020/SITB-OSED/Actor_2Sambalpuri/h14-04-04-14.wav,Vocal recording sample,neutral,
SAM_00994,Zenodo,a51-01-04-14.wav,zenodo_16210020/SITB-OSED/Actor_2Sambalpuri/a51-01-04-14.wav,Vocal recording sample,neutral,
SAM_00995,Zenodo,f19-03-04-14.wav,zenodo_16210020/SITB-OSED/Actor_2Sambalpuri/f19-03-04-14.wav,Vocal recording sample,neutral,
SAM_00996,Zenodo,f96-03-04-14.wav,zenodo_16210020/SITB-OSED/Actor_2Sambalpuri/f96-03-04-14.wav,Vocal recording sample,neutral,
SAM_00997,Zenodo,s90-05-04-14.wav,zenodo_16210020/SITB-OSED/Actor_2Sambalpuri/s90-05-04-14.wav,Vocal recording sample,neutral,
SAM_00998,Zenodo,d44-02-04-14.wav,zenodo_16210020/SITB-OSED/Actor_2Sambalpuri/d44-02-04-14.wav,Vocal recording sample,neutral,
SAM_00999,Zenodo,d7-02-04-14.wav,zenodo_16210020/SITB-OSED/Actor_2Sambalpuri/d7-02-04-14.wav,Vocal recording sample,neutral,
SAM_01000,Zenodo,h9-04-04-14.wav,zenodo_16210020/SITB-OSED/Actor_2Sambalpuri/h9-04-04-14.wav,Vocal recording sample,neutral,
SAM_01001,Zenodo,s76-05-04-14.wav,zenodo_16210020/SITB-OSED/Actor_2Sambalpuri/s76-05-04-14.wav,Vocal recording sample,neutral,
SAM_01002,Zenodo,h52-04-04-14.wav,zenodo_16210020/SITB-OSED/Actor_2Sambalpuri/h52-04-04-14.wav,Vocal recording sample,neutral,
SAM_01003,Zenodo,d86-02-04-14.wav,zenodo_16210020/SITB-OSED/Actor_2Sambalpuri/d86-02-04-14.wav,Vocal recording sample,neutral,
SAM_01004,Zenodo,sr50-06-04-14.wav,zenodo_16210020/SITB-OSED/Actor_2Sambalpuri/sr50-06-04-14.wav,Vocal recording sample,neutral,
SAM_01005,Zenodo,a52-01-04-14.wav,zenodo_16210020/SITB-OSED/Actor_2Sambalpuri/a52-01-04-14.wav,Vocal recording sample,neutral,
SAM_01006,Zenodo,a69-01-04-14.wav,zenodo_16210020/SITB-OSED/Actor_2Sambalpuri/a69-01-04-14.wav,Vocal recording sample,neutral,
SAM_01007,Zenodo,a29-01-04-14.wav,zenodo_16210020/SITB-OSED/Actor_2Sambalpuri/a29-01-04-14.wav,Vocal recording sample,neutral,
SAM_01008,Zenodo,a30-01-04-14.wav,zenodo_16210020/SITB-OSED/Actor_2Sambalpuri/a30-01-04-14.wav,Vocal recording sample,neutral,
SAM_01009,Zenodo,h10-04-04-14.wav,zenodo_16210020/SITB-OSED/Actor_2Sambalpuri/h10-04-04-14.wav,Vocal recording sample,neutral,
SAM_01010,Zenodo,a27-01-04-14.wav,zenodo_16210020/SITB-OSED/Actor_2Sambalpuri/a27-01-04-14.wav,Vocal recording sample,neutral,
SAM_01011,Zenodo,h73-04-04-14.wav,zenodo_16210020/SITB-OSED/Actor_2Sambalpuri/h73-04-04-14.wav,Vocal recording sample,neutral,
SAM_01012,Zenodo,d1-02-04-14.wav,zenodo_16210020/SITB-OSED/Actor_2Sambalpuri/d1-02-04-14.wav,Vocal recording sample,neutral,
SAM_01013,Zenodo,f35-03-04-14.wav,zenodo_16210020/SITB-OSED/Actor_2Sambalpuri/f35-03-04-14.wav,Vocal recording sample,neutral,
SAM_01014,Zenodo,h60-04-04-14.wav,zenodo_16210020/SITB-OSED/Actor_2Sambalpuri/h60-04-04-14.wav,Vocal recording sample,neutral,
SAM_01015,Zenodo,a32-01-04-14.wav,zenodo_16210020/SITB-OSED/Actor_2Sambalpuri/a32-01-04-14.wav,Vocal recording sample,neutral,
SAM_01016,Zenodo,h29-04-04-14.wav,zenodo_16210020/SITB-OSED/Actor_2Sambalpuri/h29-04-04-14.wav,Vocal recording sample,neutral,
SAM_01017,Zenodo,a25-01-04-14.wav,zenodo_16210020/SITB-OSED/Actor_2Sambalpuri/a25-01-04-14.wav,Vocal recording sample,neutral,
SAM_01018,Zenodo,h37-04-04-14.wav,zenodo_16210020/SITB-OSED/Actor_2Sambalpuri/h37-04-04-14.wav,Vocal recording sample,neutral,
SAM_01019,Zenodo,d55-02-04-14.wav,zenodo_16210020/SITB-OSED/Actor_2Sambalpuri/d55-02-04-14.wav,Vocal recording sample,neutral,
SAM_01020,Zenodo,d25-02-04-14.wav,zenodo_16210020/SITB-OSED/Actor_2Sambalpuri/d25-02-04-14.wav,Vocal recording sample,neutral,
SAM_01021,Zenodo,f26-03-04-14.wav,zenodo_16210020/SITB-OSED/Actor_2Sambalpuri/f26-03-04-14.wav,Vocal recording sample,neutral,
SAM_01022,Zenodo,a82-01-04-14.wav,zenodo_16210020/SITB-OSED/Actor_2Sambalpuri/a82-01-04-14.wav,Vocal recording sample,neutral,
SAM_01023,Zenodo,d66-02-04-14.wav,zenodo_16210020/SITB-OSED/Actor_2Sambalpuri/d66-02-04-14.wav,Vocal recording sample,neutral,
SAM_01024,Zenodo,sr72-06-04-14.wav,zenodo_16210020/SITB-OSED/Actor_2Sambalpuri/sr72-06-04-14.wav,Vocal recording sample,neutral,
SAM_01025,Zenodo,d76-02-04-14.wav,zenodo_16210020/SITB-OSED/Actor_2Sambalpuri/d76-02-04-14.wav,Vocal recording sample,neutral,
SAM_01026,Zenodo,f47-03-04-14.wav,zenodo_16210020/SITB-OSED/Actor_2Sambalpuri/f47-03-04-14.wav,Vocal recording sample,neutral,
SAM_01027,Zenodo,sr59-06-04-14.wav,zenodo_16210020/SITB-OSED/Actor_2Sambalpuri/sr59-06-04-14.wav,Vocal recording sample,neutral,
SAM_01028,Zenodo,h3-04-04-14.wav,zenodo_16210020/SITB-OSED/Actor_2Sambalpuri/h3-04-04-14.wav,Vocal recording sample,neutral,
SAM_01029,Zenodo,d94-02-04-14.wav,zenodo_16210020/SITB-OSED/Actor_2Sambalpuri/d94-02-04-14.wav,Vocal recording sample,neutral,
SAM_01030,Zenodo,d71-02-04-14.wav,zenodo_16210020/SITB-OSED/Actor_2Sambalpuri/d71-02-04-14.wav,Vocal recording sample,neutral,
SAM_01031,Zenodo,a68-01-04-14.wav,zenodo_16210020/SITB-OSED/Actor_2Sambalpuri/a68-01-04-14.wav,Vocal recording sample,neutral,
SAM_01032,Zenodo,d91-02-04-14.wav,zenodo_16210020/SITB-OSED/Actor_2Sambalpuri/d91-02-04-14.wav,Vocal recording sample,neutral,
SAM_01033,Zenodo,sr57-06-04-14.wav,zenodo_16210020/SITB-OSED/Actor_2Sambalpuri/sr57-06-04-14.wav,Vocal recording sample,neutral,
SAM_01034,Zenodo,h74-04-04-14.wav,zenodo_16210020/SITB-OSED/Actor_2Sambalpuri/h74-04-04-14.wav,Vocal recording sample,neutral,
SAM_01035,Zenodo,a54-01-04-14.wav,zenodo_16210020/SITB-OSED/Actor_2Sambalpuri/a54-01-04-14.wav,Vocal recording sample,neutral,
SAM_01036,Zenodo,h85-04-04-14.wav,zenodo_16210020/SITB-OSED/Actor_2Sambalpuri/h85-04-04-14.wav,Vocal recording sample,neutral,
SAM_01037,Zenodo,a49-01-04-14.wav,zenodo_16210020/SITB-OSED/Actor_2Sambalpuri/a49-01-04-14.wav,Vocal recording sample,neutral,
SAM_01038,Zenodo,sr82-06-04-14.wav,zenodo_16210020/SITB-OSED/Actor_2Sambalpuri/sr82-06-04-14.wav,Vocal recording sample,neutral,
SAM_01039,Zenodo,h88-04-04-14.wav,zenodo_16210020/SITB-OSED/Actor_2Sambalpuri/h88-04-04-14.wav,Vocal recording sample,neutral,
SAM_01040,Zenodo,d3-02-04-14.wav,zenodo_16210020/SITB-OSED/Actor_2Sambalpuri/d3-02-04-14.wav,Vocal recording sample,neutral,
SAM_01041,Zenodo,a12-01-04-14.wav,zenodo_16210020/SITB-OSED/Actor_2Sambalpuri/a12-01-04-14.wav,Vocal recording sample,neutral,
SAM_01042,Zenodo,f42-03-04-14.wav,zenodo_16210020/SITB-OSED/Actor_2Sambalpuri/f42-03-04-14.wav,Vocal recording sample,neutral,
SAM_01043,Zenodo,sr38-06-04-14.wav,zenodo_16210020/SITB-OSED/Actor_2Sambalpuri/sr38-06-04-14.wav,Vocal recording sample,neutral,
SAM_01044,Zenodo,h75-04-04-14.wav,zenodo_16210020/SITB-OSED/Actor_2Sambalpuri/h75-04-04-14.wav,Vocal recording sample,neutral,
SAM_01045,Zenodo,s6-05-04-14.wav,zenodo_16210020/SITB-OSED/Actor_2Sambalpuri/s6-05-04-14.wav,Vocal recording sample,neutral,
SAM_01046,Zenodo,sr81-06-04-14.wav,zenodo_16210020/SITB-OSED/Actor_2Sambalpuri/sr81-06-04-14.wav,Vocal recording sample,neutral,
SAM_01047,Zenodo,f80-03-04-14.wav,zenodo_16210020/SITB-OSED/Actor_2Sambalpuri/f80-03-04-14.wav,Vocal recording sample,neutral,
SAM_01048,Zenodo,a97-01-04-14.wav,zenodo_16210020/SITB-OSED/Actor_2Sambalpuri/a97-01-04-14.wav,Vocal recording sample,neutral,
SAM_01049,Zenodo,h42-04-04-14.wav,zenodo_16210020/SITB-OSED/Actor_2Sambalpuri/h42-04-04-14.wav,Vocal recording sample,neutral,
SAM_01050,Zenodo,sr60-06-04-14.wav,zenodo_16210020/SITB-OSED/Actor_2Sambalpuri/sr60-06-04-14.wav,Vocal recording sample,neutral,
SAM_01051,Zenodo,a18-01-04-14.wav,zenodo_16210020/SITB-OSED/Actor_2Sambalpuri/a18-01-04-14.wav,Vocal recording sample,neutral,
SAM_01052,Zenodo,s98-05-04-14.wav,zenodo_16210020/SITB-OSED/Actor_2Sambalpuri/s98-05-04-14.wav,Vocal recording sample,neutral,
SAM_01053,Zenodo,d35-02-04-14.wav,zenodo_16210020/SITB-OSED/Actor_2Sambalpuri/d35-02-04-14.wav,Vocal recording sample,neutral,
SAM_01054,Zenodo,a64-01-04-14.wav,zenodo_16210020/SITB-OSED/Actor_2Sambalpuri/a64-01-04-14.wav,Vocal recording sample,neutral,
SAM_01055,Zenodo,h51-04-04-14.wav,zenodo_16210020/SITB-OSED/Actor_2Sambalpuri/h51-04-04-14.wav,Vocal recording sample,neutral,
SAM_01056,Zenodo,f39-03-04-14.wav,zenodo_16210020/SITB-OSED/Actor_2Sambalpuri/f39-03-04-14.wav,Vocal recording sample,neutral,
SAM_01057,Zenodo,s91-05-04-14.wav,zenodo_16210020/SITB-OSED/Actor_2Sambalpuri/s91-05-04-14.wav,Vocal recording sample,neutral,
SAM_01058,Zenodo,s1-05-04-14.wav,zenodo_16210020/SITB-OSED/Actor_2Sambalpuri/s1-05-04-14.wav,Vocal recording sample,neutral,
SAM_01059,Zenodo,sr19-06-04-14.wav,zenodo_16210020/SITB-OSED/Actor_2Sambalpuri/sr19-06-04-14.wav,Vocal recording sample,neutral,
SAM_01060,Zenodo,h94-04-04-14.wav,zenodo_16210020/SITB-OSED/Actor_2Sambalpuri/h94-04-04-14.wav,Vocal recording sample,neutral,
SAM_01061,Zenodo,h6-04-04-14.wav,zenodo_16210020/SITB-OSED/Actor_2Sambalpuri/h6-04-04-14.wav,Vocal recording sample,neutral,
SAM_01062,Zenodo,sr6-06-04-14.wav,zenodo_16210020/SITB-OSED/Actor_2Sambalpuri/sr6-06-04-14.wav,Vocal recording sample,neutral,
SAM_01063,Zenodo,sr7-06-04-14.wav,zenodo_16210020/SITB-OSED/Actor_2Sambalpuri/sr7-06-04-14.wav,Vocal recording sample,neutral,
SAM_01064,Zenodo,a96-01-04-14.wav,zenodo_16210020/SITB-OSED/Actor_2Sambalpuri/a96-01-04-14.wav,Vocal recording sample,neutral,
SAM_01065,Zenodo,s40-05-04-14.wav,zenodo_16210020/SITB-OSED/Actor_2Sambalpuri/s40-05-04-14.wav,Vocal recording sample,neutral,
SAM_01066,Zenodo,s47-05-04-14.wav,zenodo_16210020/SITB-OSED/Actor_2Sambalpuri/s47-05-04-14.wav,Vocal recording sample,neutral,
SAM_01067,Zenodo,h69-04-04-14.wav,zenodo_16210020/SITB-OSED/Actor_2Sambalpuri/h69-04-04-14.wav,Vocal recording sample,neutral,
SAM_01068,Zenodo,h40-04-04-14.wav,zenodo_16210020/SITB-OSED/Actor_2Sambalpuri/h40-04-04-14.wav,Vocal recording sample,neutral,
SAM_01069,Zenodo,a41-01-04-14.wav,zenodo_16210020/SITB-OSED/Actor_2Sambalpuri/a41-01-04-14.wav,Vocal recording sample,neutral,
SAM_01070,Zenodo,h16-04-04-14.wav,zenodo_16210020/SITB-OSED/Actor_2Sambalpuri/h16-04-04-14.wav,Vocal recording sample,neutral,
SAM_01071,Zenodo,h91-04-04-14.wav,zenodo_16210020/SITB-OSED/Actor_2Sambalpuri/h91-04-04-14.wav,Vocal recording sample,neutral,
SAM_01072,Zenodo,h38-04-04-14.wav,zenodo_16210020/SITB-OSED/Actor_2Sambalpuri/h38-04-04-14.wav,Vocal recording sample,neutral,
SAM_01073,Zenodo,d69-02-04-14.wav,zenodo_16210020/SITB-OSED/Actor_2Sambalpuri/d69-02-04-14.wav,Vocal recording sample,neutral,
SAM_01074,Zenodo,a79-01-04-14.wav,zenodo_16210020/SITB-OSED/Actor_2Sambalpuri/a79-01-04-14.wav,Vocal recording sample,neutral,
SAM_01075,Zenodo,h4-04-04-14.wav,zenodo_16210020/SITB-OSED/Actor_2Sambalpuri/h4-04-04-14.wav,Vocal recording sample,neutral,
SAM_01076,Zenodo,f52-03-04-14.wav,zenodo_16210020/SITB-OSED/Actor_2Sambalpuri/f52-03-04-14.wav,Vocal recording sample,neutral,
SAM_01077,Zenodo,sr1-06-04-14.wav,zenodo_16210020/SITB-OSED/Actor_2Sambalpuri/sr1-06-04-14.wav,Vocal recording sample,neutral,
SAM_01078,Zenodo,sr30-06-04-14.wav,zenodo_16210020/SITB-OSED/Actor_2Sambalpuri/sr30-06-04-14.wav,Vocal recording sample,neutral,
SAM_01079,Zenodo,f92-03-04-14.wav,zenodo_16210020/SITB-OSED/Actor_2Sambalpuri/f92-03-04-14.wav,Vocal recording sample,neutral,
SAM_01080,Zenodo,a55-01-04-14.wav,zenodo_16210020/SITB-OSED/Actor_2Sambalpuri/a55-01-04-14.wav,Vocal recording sample,neutral,
SAM_01081,Zenodo,d8-02-04-14.wav,zenodo_16210020/SITB-OSED/Actor_2Sambalpuri/d8-02-04-14.wav,Vocal recording sample,neutral,
SAM_01082,Zenodo,sr61-06-04-14.wav,zenodo_16210020/SITB-OSED/Actor_2Sambalpuri/sr61-06-04-14.wav,Vocal recording sample,neutral,
SAM_01083,Zenodo,s88-05-04-14.wav,zenodo_16210020/SITB-OSED/Actor_2Sambalpuri/s88-05-04-14.wav,Vocal recording sample,neutral,
SAM_01084,Zenodo,f28-03-04-14.wav,zenodo_16210020/SITB-OSED/Actor_2Sambalpuri/f28-03-04-14.wav,Vocal recording sample,neutral,
SAM_01085,Zenodo,h81-04-04-14.wav,zenodo_16210020/SITB-OSED/Actor_2Sambalpuri/h81-04-04-14.wav,Vocal recording sample,neutral,
SAM_01086,Zenodo,s21-05-04-14.wav,zenodo_16210020/SITB-OSED/Actor_2Sambalpuri/s21-05-04-14.wav,Vocal recording sample,neutral,
SAM_01087,Zenodo,d40-02-04-14.wav,zenodo_16210020/SITB-OSED/Actor_2Sambalpuri/d40-02-04-14.wav,Vocal recording sample,neutral,
SAM_01088,Zenodo,a65-01-04-14.wav,zenodo_16210020/SITB-OSED/Actor_2Sambalpuri/a65-01-04-14.wav,Vocal recording sample,neutral,
SAM_01089,Zenodo,h12-04-04-14.wav,zenodo_16210020/SITB-OSED/Actor_2Sambalpuri/h12-04-04-14.wav,Vocal recording sample,neutral,
SAM_01090,Zenodo,sr2-06-04-14.wav,zenodo_16210020/SITB-OSED/Actor_2Sambalpuri/sr2-06-04-14.wav,Vocal recording sample,neutral,
SAM_01091,Zenodo,sr84-06-04-14.wav,zenodo_16210020/SITB-OSED/Actor_2Sambalpuri/sr84-06-04-14.wav,Vocal recording sample,neutral,
SAM_01092,Zenodo,d83-02-04-14.wav,zenodo_16210020/SITB-OSED/Actor_2Sambalpuri/d83-02-04-14.wav,Vocal recording sample,neutral,
SAM_01093,Zenodo,f63-03-04-14.wav,zenodo_16210020/SITB-OSED/Actor_2Sambalpuri/f63-03-04-14.wav,Vocal recording sample,neutral,
SAM_01094,Zenodo,a46-01-04-14.wav,zenodo_16210020/SITB-OSED/Actor_2Sambalpuri/a46-01-04-14.wav,Vocal recording sample,neutral,
SAM_01095,Zenodo,d39-02-04-14.wav,zenodo_16210020/SITB-OSED/Actor_2Sambalpuri/d39-02-04-14.wav,Vocal recording sample,neutral,
SAM_01096,Zenodo,a57-01-04-14.wav,zenodo_16210020/SITB-OSED/Actor_2Sambalpuri/a57-01-04-14.wav,Vocal recording sample,neutral,
SAM_01097,Zenodo,sr37-06-04-14.wav,zenodo_16210020/SITB-OSED/Actor_2Sambalpuri/sr37-06-04-14.wav,Vocal recording sample,neutral,
SAM_01098,Zenodo,s52-05-04-14.wav,zenodo_16210020/SITB-OSED/Actor_2Sambalpuri/s52-05-04-14.wav,Vocal recording sample,neutral,
SAM_01099,Zenodo,d60-02-04-14.wav,zenodo_16210020/SITB-OSED/Actor_2Sambalpuri/d60-02-04-14.wav,Vocal recording sample,neutral,
SAM_01100,Zenodo,d30-02-04-14.wav,zenodo_16210020/SITB-OSED/Actor_2Sambalpuri/d30-02-04-14.wav,Vocal recording sample,neutral,
SAM_01101,Zenodo,h92-04-04-14.wav,zenodo_16210020/SITB-OSED/Actor_2Sambalpuri/h92-04-04-14.wav,Vocal recording sample,neutral,
SAM_01102,Zenodo,s44-05-04-14.wav,zenodo_16210020/SITB-OSED/Actor_2Sambalpuri/s44-05-04-14.wav,Vocal recording sample,neutral,
SAM_01103,Zenodo,s63-05-04-14.wav,zenodo_16210020/SITB-OSED/Actor_2Sambalpuri/s63-05-04-14.wav,Vocal recording sample,neutral,
SAM_01104,Zenodo,s37-05-04-14.wav,zenodo_16210020/SITB-OSED/Actor_2Sambalpuri/s37-05-04-14.wav,Vocal recording sample,neutral,
SAM_01105,Zenodo,a34-01-04-14.wav,zenodo_16210020/SITB-OSED/Actor_2Sambalpuri/a34-01-04-14.wav,Vocal recording sample,neutral,
SAM_01106,Zenodo,h76-04-04-14.wav,zenodo_16210020/SITB-OSED/Actor_2Sambalpuri/h76-04-04-14.wav,Vocal recording sample,neutral,
SAM_01107,Zenodo,f24-03-04-14.wav,zenodo_16210020/SITB-OSED/Actor_2Sambalpuri/f24-03-04-14.wav,Vocal recording sample,neutral,
SAM_01108,Zenodo,d99-02-04-14.wav,zenodo_16210020/SITB-OSED/Actor_2Sambalpuri/d99-02-04-14.wav,Vocal recording sample,neutral,
SAM_01109,Zenodo,s48-05-04-14.wav,zenodo_16210020/SITB-OSED/Actor_2Sambalpuri/s48-05-04-14.wav,Vocal recording sample,neutral,
SAM_01110,Zenodo,h25-04-04-14.wav,zenodo_16210020/SITB-OSED/Actor_2Sambalpuri/h25-04-04-14.wav,Vocal recording sample,neutral,
SAM_01111,Zenodo,h21-04-04-14.wav,zenodo_16210020/SITB-OSED/Actor_2Sambalpuri/h21-04-04-14.wav,Vocal recording sample,neutral,
SAM_01112,Zenodo,d16-02-04-14.wav,zenodo_16210020/SITB-OSED/Actor_2Sambalpuri/d16-02-04-14.wav,Vocal recording sample,neutral,
SAM_01113,Zenodo,f22-03-04-14.wav,zenodo_16210020/SITB-OSED/Actor_2Sambalpuri/f22-03-04-14.wav,Vocal recording sample,neutral,
SAM_01114,Zenodo,a11-01-04-14.wav,zenodo_16210020/SITB-OSED/Actor_2Sambalpuri/a11-01-04-14.wav,Vocal recording sample,neutral,
SAM_01115,Zenodo,s65-05-04-14.wav,zenodo_16210020/SITB-OSED/Actor_2Sambalpuri/s65-05-04-14.wav,Vocal recording sample,neutral,
SAM_01116,Zenodo,h48-04-04-14.wav,zenodo_16210020/SITB-OSED/Actor_2Sambalpuri/h48-04-04-14.wav,Vocal recording sample,neutral,
SAM_01117,Zenodo,s75-05-04-14.wav,zenodo_16210020/SITB-OSED/Actor_2Sambalpuri/s75-05-04-14.wav,Vocal recording sample,neutral,
SAM_01118,Zenodo,a20-01-04-14.wav,zenodo_16210020/SITB-OSED/Actor_2Sambalpuri/a20-01-04-14.wav,Vocal recording sample,neutral,
SAM_01119,Zenodo,d77-02-04-14.wav,zenodo_16210020/SITB-OSED/Actor_2Sambalpuri/d77-02-04-14.wav,Vocal recording sample,neutral,
SAM_01120,Zenodo,a7-01-04-14.wav,zenodo_16210020/SITB-OSED/Actor_2Sambalpuri/a7-01-04-14.wav,Vocal recording sample,neutral,
SAM_01121,Zenodo,sr26-06-04-14.wav,zenodo_16210020/SITB-OSED/Actor_2Sambalpuri/sr26-06-04-14.wav,Vocal recording sample,neutral,
SAM_01122,Zenodo,d88-02-04-14.wav,zenodo_16210020/SITB-OSED/Actor_2Sambalpuri/d88-02-04-14.wav,Vocal recording sample,neutral,
SAM_01123,Zenodo,d22-02-04-14.wav,zenodo_16210020/SITB-OSED/Actor_2Sambalpuri/d22-02-04-14.wav,Vocal recording sample,neutral,
SAM_01124,Zenodo,s62-05-04-14.wav,zenodo_16210020/SITB-OSED/Actor_2Sambalpuri/s62-05-04-14.wav,Vocal recording sample,neutral,
SAM_01125,Zenodo,f49-03-04-14.wav,zenodo_16210020/SITB-OSED/Actor_2Sambalpuri/f49-03-04-14.wav,Vocal recording sample,neutral,
SAM_01126,Zenodo,f61-03-04-14.wav,zenodo_16210020/SITB-OSED/Actor_2Sambalpuri/f61-03-04-14.wav,Vocal recording sample,neutral,
SAM_01127,Zenodo,f20-03-04-14.wav,zenodo_16210020/SITB-OSED/Actor_2Sambalpuri/f20-03-04-14.wav,Vocal recording sample,neutral,
SAM_01128,Zenodo,sr90-06-04-14.wav,zenodo_16210020/SITB-OSED/Actor_2Sambalpuri/sr90-06-04-14.wav,Vocal recording sample,neutral,
SAM_01129,Zenodo,d26-02-04-14.wav,zenodo_16210020/SITB-OSED/Actor_2Sambalpuri/d26-02-04-14.wav,Vocal recording sample,neutral,
SAM_01130,Zenodo,sr51-06-04-14.wav,zenodo_16210020/SITB-OSED/Actor_2Sambalpuri/sr51-06-04-14.wav,Vocal recording sample,neutral,
SAM_01131,Zenodo,h30-04-04-14.wav,zenodo_16210020/SITB-OSED/Actor_2Sambalpuri/h30-04-04-14.wav,Vocal recording sample,neutral,
SAM_01132,Zenodo,f55-03-04-14.wav,zenodo_16210020/SITB-OSED/Actor_2Sambalpuri/f55-03-04-14.wav,Vocal recording sample,neutral,
SAM_01133,Zenodo,sr58-06-04-14.wav,zenodo_16210020/SITB-OSED/Actor_2Sambalpuri/sr58-06-04-14.wav,Vocal recording sample,neutral,
SAM_01134,Zenodo,a87-01-04-14.wav,zenodo_16210020/SITB-OSED/Actor_2Sambalpuri/a87-01-04-14.wav,Vocal recording sample,neutral,
SAM_01135,Zenodo,s17-05-04-14.wav,zenodo_16210020/SITB-OSED/Actor_2Sambalpuri/s17-05-04-14.wav,Vocal recording sample,neutral,
SAM_01136,Zenodo,h31-04-04-14.wav,zenodo_16210020/SITB-OSED/Actor_2Sambalpuri/h31-04-04-14.wav,Vocal recording sample,neutral,
SAM_01137,Zenodo,s7-05-04-14.wav,zenodo_16210020/SITB-OSED/Actor_2Sambalpuri/s7-05-04-14.wav,Vocal recording sample,neutral,
SAM_01138,Zenodo,d79-02-04-14.wav,zenodo_16210020/SITB-OSED/Actor_2Sambalpuri/d79-02-04-14.wav,Vocal recording sample,neutral,
SAM_01139,Zenodo,d13-02-04-14.wav,zenodo_16210020/SITB-OSED/Actor_2Sambalpuri/d13-02-04-14.wav,Vocal recording sample,neutral,
SAM_01140,Zenodo,d58-02-04-14.wav,zenodo_16210020/SITB-OSED/Actor_2Sambalpuri/d58-02-04-14.wav,Vocal recording sample,neutral,
SAM_01141,Zenodo,s70-05-04-14.wav,zenodo_16210020/SITB-OSED/Actor_2Sambalpuri/s70-05-04-14.wav,Vocal recording sample,neutral,
SAM_01142,Zenodo,d62-02-04-14.wav,zenodo_16210020/SITB-OSED/Actor_2Sambalpuri/d62-02-04-14.wav,Vocal recording sample,neutral,
SAM_01143,Zenodo,s28-05-04-14.wav,zenodo_16210020/SITB-OSED/Actor_2Sambalpuri/s28-05-04-14.wav,Vocal recording sample,neutral,
SAM_01144,Zenodo,h55-04-04-14.wav,zenodo_16210020/SITB-OSED/Actor_2Sambalpuri/h55-04-04-14.wav,Vocal recording sample,neutral,
SAM_01145,Zenodo,d24-02-04-14.wav,zenodo_16210020/SITB-OSED/Actor_2Sambalpuri/d24-02-04-14.wav,Vocal recording sample,neutral,
SAM_01146,Zenodo,s69-05-04-14.wav,zenodo_16210020/SITB-OSED/Actor_2Sambalpuri/s69-05-04-14.wav,Vocal recording sample,neutral,
SAM_01147,Zenodo,h56-04-04-14.wav,zenodo_16210020/SITB-OSED/Actor_2Sambalpuri/h56-04-04-14.wav,Vocal recording sample,neutral,
SAM_01148,Zenodo,s57-05-04-14.wav,zenodo_16210020/SITB-OSED/Actor_2Sambalpuri/s57-05-04-14.wav,Vocal recording sample,neutral,
SAM_01149,Zenodo,f13-03-04-14.wav,zenodo_16210020/SITB-OSED/Actor_2Sambalpuri/f13-03-04-14.wav,Vocal recording sample,neutral,
SAM_01150,Zenodo,f67-03-04-14.wav,zenodo_16210020/SITB-OSED/Actor_2Sambalpuri/f67-03-04-14.wav,Vocal recording sample,neutral,
SAM_01151,Zenodo,s14-05-04-14.wav,zenodo_16210020/SITB-OSED/Actor_2Sambalpuri/s14-05-04-14.wav,Vocal recording sample,neutral,
SAM_01152,Zenodo,f78-03-04-14.wav,zenodo_16210020/SITB-OSED/Actor_2Sambalpuri/f78-03-04-14.wav,Vocal recording sample,neutral,
SAM_01153,Zenodo,s83-05-04-14.wav,zenodo_16210020/SITB-OSED/Actor_2Sambalpuri/s83-05-04-14.wav,Vocal recording sample,neutral,
SAM_01154,Zenodo,s23-05-04-14.wav,zenodo_16210020/SITB-OSED/Actor_2Sambalpuri/s23-05-04-14.wav,Vocal recording sample,neutral,
SAM_01155,Zenodo,d50-02-04-14.wav,zenodo_16210020/SITB-OSED/Actor_2Sambalpuri/d50-02-04-14.wav,Vocal recording sample,neutral,
SAM_01156,Zenodo,h39-04-04-14.wav,zenodo_16210020/SITB-OSED/Actor_2Sambalpuri/h39-04-04-14.wav,Vocal recording sample,neutral,
SAM_01157,Zenodo,a5-01-04-14.wav,zenodo_16210020/SITB-OSED/Actor_2Sambalpuri/a5-01-04-14.wav,Vocal recording sample,neutral,
SAM_01158,Zenodo,f29-03-04-14.wav,zenodo_16210020/SITB-OSED/Actor_2Sambalpuri/f29-03-04-14.wav,Vocal recording sample,neutral,
SAM_01159,Zenodo,h57-04-04-14.wav,zenodo_16210020/SITB-OSED/Actor_2Sambalpuri/h57-04-04-14.wav,Vocal recording sample,neutral,
SAM_01160,Zenodo,h65-04-04-14.wav,zenodo_16210020/SITB-OSED/Actor_2Sambalpuri/h65-04-04-14.wav,Vocal recording sample,neutral,
SAM_01161,Zenodo,a13-01-04-14.wav,zenodo_16210020/SITB-OSED/Actor_2Sambalpuri/a13-01-04-14.wav,Vocal recording sample,neutral,
SAM_01162,Zenodo,f62-03-04-14.wav,zenodo_16210020/SITB-OSED/Actor_2Sambalpuri/f62-03-04-14.wav,Vocal recording sample,neutral,
SAM_01163,Zenodo,d12-02-04-14.wav,zenodo_16210020/SITB-OSED/Actor_2Sambalpuri/d12-02-04-14.wav,Vocal recording sample,neutral,
SAM_01164,Zenodo,s43-05-04-14.wav,zenodo_16210020/SITB-OSED/Actor_2Sambalpuri/s43-05-04-14.wav,Vocal recording sample,neutral,
SAM_01165,Zenodo,f91-03-04-14.wav,zenodo_16210020/SITB-OSED/Actor_2Sambalpuri/f91-03-04-14.wav,Vocal recording sample,neutral,
SAM_01166,Zenodo,s11-05-04-14.wav,zenodo_16210020/SITB-OSED/Actor_2Sambalpuri/s11-05-04-14.wav,Vocal recording sample,neutral,
SAM_01167,Zenodo,s8-05-04-14.wav,zenodo_16210020/SITB-OSED/Actor_2Sambalpuri/s8-05-04-14.wav,Vocal recording sample,neutral,
SAM_01168,Zenodo,d18-02-04-14.wav,zenodo_16210020/SITB-OSED/Actor_2Sambalpuri/d18-02-04-14.wav,Vocal recording sample,neutral,
SAM_01169,Zenodo,d65-02-04-14.wav,zenodo_16210020/SITB-OSED/Actor_2Sambalpuri/d65-02-04-14.wav,Vocal recording sample,neutral,
SAM_01170,Zenodo,a90-01-04-14.wav,zenodo_16210020/SITB-OSED/Actor_2Sambalpuri/a90-01-04-14.wav,Vocal recording sample,neutral,
SAM_01171,Zenodo,d54-02-04-14.wav,zenodo_16210020/SITB-OSED/Actor_2Sambalpuri/d54-02-04-14.wav,Vocal recording sample,neutral,
SAM_01172,Zenodo,h82-04-04-14.wav,zenodo_16210020/SITB-OSED/Actor_2Sambalpuri/h82-04-04-14.wav,Vocal recording sample,neutral,
SAM_01173,Zenodo,d38-02-04-14.wav,zenodo_16210020/SITB-OSED/Actor_2Sambalpuri/d38-02-04-14.wav,Vocal recording sample,neutral,
SAM_01174,Zenodo,d78-02-04-14.wav,zenodo_16210020/SITB-OSED/Actor_2Sambalpuri/d78-02-04-14.wav,Vocal recording sample,neutral,
SAM_01175,Zenodo,s73-05-04-14.wav,zenodo_16210020/SITB-OSED/Actor_2Sambalpuri/s73-05-04-14.wav,Vocal recording sample,neutral,
SAM_01176,Zenodo,a58-01-04-14.wav,zenodo_16210020/SITB-OSED/Actor_2Sambalpuri/a58-01-04-14.wav,Vocal recording sample,neutral,
SAM_01177,Zenodo,sr85-06-04-14.wav,zenodo_16210020/SITB-OSED/Actor_2Sambalpuri/sr85-06-04-14.wav,Vocal recording sample,neutral,
SAM_01178,Zenodo,s87-05-04-14.wav,zenodo_16210020/SITB-OSED/Actor_2Sambalpuri/s87-05-04-14.wav,Vocal recording sample,neutral,
SAM_01179,Zenodo,h70-04-04-14.wav,zenodo_16210020/SITB-OSED/Actor_2Sambalpuri/h70-04-04-14.wav,Vocal recording sample,neutral,
SAM_01180,Zenodo,f89-03-04-14.wav,zenodo_16210020/SITB-OSED/Actor_2Sambalpuri/f89-03-04-14.wav,Vocal recording sample,neutral,
SAM_01181,Zenodo,s30-05-04-14.wav,zenodo_16210020/SITB-OSED/Actor_2Sambalpuri/s30-05-04-14.wav,Vocal recording sample,neutral,
SAM_01182,Zenodo,h36-04-04-14.wav,zenodo_16210020/SITB-OSED/Actor_2Sambalpuri/h36-04-04-14.wav,Vocal recording sample,neutral,
SAM_01183,Zenodo,a89-01-04-14.wav,zenodo_16210020/SITB-OSED/Actor_2Sambalpuri/a89-01-04-14.wav,Vocal recording sample,neutral,
SAM_01184,Zenodo,s22-05-04-14.wav,zenodo_16210020/SITB-OSED/Actor_2Sambalpuri/s22-05-04-14.wav,Vocal recording sample,neutral,
SAM_01185,Zenodo,h20-04-04-14.wav,zenodo_16210020/SITB-OSED/Actor_2Sambalpuri/h20-04-04-14.wav,Vocal recording sample,neutral,
SAM_01186,Zenodo,f59-03-04-14.wav,zenodo_16210020/SITB-OSED/Actor_2Sambalpuri/f59-03-04-14.wav,Vocal recording sample,neutral,
SAM_01187,Zenodo,s78-05-04-14.wav,zenodo_16210020/SITB-OSED/Actor_2Sambalpuri/s78-05-04-14.wav,Vocal recording sample,neutral,
SAM_01188,Zenodo,d41-02-04-14.wav,zenodo_16210020/SITB-OSED/Actor_2Sambalpuri/d41-02-04-14.wav,Vocal recording sample,neutral,
SAM_01189,Zenodo,f25-03-04-14.wav,zenodo_16210020/SITB-OSED/Actor_2Sambalpuri/f25-03-04-14.wav,Vocal recording sample,neutral,
SAM_01190,Zenodo,sr67-06-04-14.wav,zenodo_16210020/SITB-OSED/Actor_2Sambalpuri/sr67-06-04-14.wav,Vocal recording sample,neutral,
SAM_01191,Zenodo,sr64-06-04-14.wav,zenodo_16210020/SITB-OSED/Actor_2Sambalpuri/sr64-06-04-14.wav,Vocal recording sample,neutral,
SAM_01192,Zenodo,a6-01-04-14.wav,zenodo_16210020/SITB-OSED/Actor_2Sambalpuri/a6-01-04-14.wav,Vocal recording sample,neutral,
SAM_01193,Zenodo,h27-04-04-14.wav,zenodo_16210020/SITB-OSED/Actor_2Sambalpuri/h27-04-04-14.wav,Vocal recording sample,neutral,
SAM_01194,Zenodo,d17-02-04-14.wav,zenodo_16210020/SITB-OSED/Actor_2Sambalpuri/d17-02-04-14.wav,Vocal recording sample,neutral,
SAM_01195,Zenodo,s95-05-04-14.wav,zenodo_16210020/SITB-OSED/Actor_2Sambalpuri/s95-05-04-14.wav,Vocal recording sample,neutral,
SAM_01196,Zenodo,sr4-06-04-14.wav,zenodo_16210020/SITB-OSED/Actor_2Sambalpuri/sr4-06-04-14.wav,Vocal recording sample,neutral,
SAM_01197,Zenodo,s2-05-04-14.wav,zenodo_16210020/SITB-OSED/Actor_2Sambalpuri/s2-05-04-14.wav,Vocal recording sample,neutral,
SAM_01198,Zenodo,h1-04-04-14.wav,zenodo_16210020/SITB-OSED/Actor_2Sambalpuri/h1-04-04-14.wav,Vocal recording sample,neutral,
SAM_01199,Zenodo,a3-01-04-14.wav,zenodo_16210020/SITB-OSED/Actor_2Sambalpuri/a3-01-04-14.wav,Vocal recording sample,neutral,
SAM_01200,Zenodo,d33-02-04-14.wav,zenodo_16210020/SITB-OSED/Actor_2Sambalpuri/d33-02-04-14.wav,Vocal recording sample,neutral,
SAM_01201,Zenodo,a7-01-03-11.wav,zenodo_16210020/SITB-OSED/Actor_3Berhampuri/a7-01-03-11.wav,Vocal recording sample,neutral,
SAM_01202,Zenodo,sr3-06-03-11.wav,zenodo_16210020/SITB-OSED/Actor_3Berhampuri/sr3-06-03-11.wav,Vocal recording sample,neutral,
SAM_01203,Zenodo,f24-03-03-11.wav,zenodo_16210020/SITB-OSED/Actor_3Berhampuri/f24-03-03-11.wav,Vocal recording sample,neutral,
SAM_01204,Zenodo,d51-02-03-11.wav,zenodo_16210020/SITB-OSED/Actor_3Berhampuri/d51-02-03-11.wav,Vocal recording sample,neutral,
SAM_01205,Zenodo,s68-05-03-11.wav,zenodo_16210020/SITB-OSED/Actor_3Berhampuri/s68-05-03-11.wav,Vocal recording sample,neutral,
SAM_01206,Zenodo,s71-05-03-11.wav,zenodo_16210020/SITB-OSED/Actor_3Berhampuri/s71-05-03-11.wav,Vocal recording sample,neutral,
SAM_01207,Zenodo,h33-04-03-11.wav,zenodo_16210020/SITB-OSED/Actor_3Berhampuri/h33-04-03-11.wav,Vocal recording sample,neutral,
SAM_01208,Zenodo,sr39-06-03-11.wav,zenodo_16210020/SITB-OSED/Actor_3Berhampuri/sr39-06-03-11.wav,Vocal recording sample,neutral,
SAM_01209,Zenodo,a59-01-03-11.wav,zenodo_16210020/SITB-OSED/Actor_3Berhampuri/a59-01-03-11.wav,Vocal recording sample,neutral,
SAM_01210,Zenodo,h79-04-03-11.wav,zenodo_16210020/SITB-OSED/Actor_3Berhampuri/h79-04-03-11.wav,Vocal recording sample,neutral,
SAM_01211,Zenodo,d3-02-03-11.wav,zenodo_16210020/SITB-OSED/Actor_3Berhampuri/d3-02-03-11.wav,Vocal recording sample,neutral,
SAM_01212,Zenodo,s101-05-03-11.wav,zenodo_16210020/SITB-OSED/Actor_3Berhampuri/s101-05-03-11.wav,Vocal recording sample,neutral,
SAM_01213,Zenodo,a92-01-03-11.wav,zenodo_16210020/SITB-OSED/Actor_3Berhampuri/a92-01-03-11.wav,Vocal recording sample,neutral,
SAM_01214,Zenodo,f62-03-03-11.wav,zenodo_16210020/SITB-OSED/Actor_3Berhampuri/f62-03-03-11.wav,Vocal recording sample,neutral,
SAM_01215,Zenodo,d41-02-03-11.wav,zenodo_16210020/SITB-OSED/Actor_3Berhampuri/d41-02-03-11.wav,Vocal recording sample,neutral,
SAM_01216,Zenodo,sr24-06-03-11.wav,zenodo_16210020/SITB-OSED/Actor_3Berhampuri/sr24-06-03-11.wav,Vocal recording sample,neutral,
SAM_01217,Zenodo,f15-03-03-11.wav,zenodo_16210020/SITB-OSED/Actor_3Berhampuri/f15-03-03-11.wav,Vocal recording sample,neutral,
SAM_01218,Zenodo,f66-03-03-11.wav,zenodo_16210020/SITB-OSED/Actor_3Berhampuri/f66-03-03-11.wav,Vocal recording sample,neutral,
SAM_01219,Zenodo,f41-03-03-11.wav,zenodo_16210020/SITB-OSED/Actor_3Berhampuri/f41-03-03-11.wav,Vocal recording sample,neutral,
SAM_01220,Zenodo,h69-04-03-11.wav,zenodo_16210020/SITB-OSED/Actor_3Berhampuri/h69-04-03-11.wav,Vocal recording sample,neutral,
SAM_01221,Zenodo,d9-02-03-11.wav,zenodo_16210020/SITB-OSED/Actor_3Berhampuri/d9-02-03-11.wav,Vocal recording sample,neutral,
SAM_01222,Zenodo,f73-03-03-11.wav,zenodo_16210020/SITB-OSED/Actor_3Berhampuri/f73-03-03-11.wav,Vocal recording sample,neutral,
SAM_01223,Zenodo,sr7-06-03-11.wav,zenodo_16210020/SITB-OSED/Actor_3Berhampuri/sr7-06-03-11.wav,Vocal recording sample,neutral,
SAM_01224,Zenodo,a78-01-03-11.wav,zenodo_16210020/SITB-OSED/Actor_3Berhampuri/a78-01-03-11.wav,Vocal recording sample,neutral,
SAM_01225,Zenodo,h37-04-03-11.wav,zenodo_16210020/SITB-OSED/Actor_3Berhampuri/h37-04-03-11.wav,Vocal recording sample,neutral,
SAM_01226,Zenodo,f18-03-03-11.wav,zenodo_16210020/SITB-OSED/Actor_3Berhampuri/f18-03-03-11.wav,Vocal recording sample,neutral,
SAM_01227,Zenodo,s63-05-03-11.wav,zenodo_16210020/SITB-OSED/Actor_3Berhampuri/s63-05-03-11.wav,Vocal recording sample,neutral,
SAM_01228,Zenodo,h45-04-03-11.wav,zenodo_16210020/SITB-OSED/Actor_3Berhampuri/h45-04-03-11.wav,Vocal recording sample,neutral,
SAM_01229,Zenodo,h93-04-03-11.wav,zenodo_16210020/SITB-OSED/Actor_3Berhampuri/h93-04-03-11.wav,Vocal recording sample,neutral,
SAM_01230,Zenodo,a80-01-03-11.wav,zenodo_16210020/SITB-OSED/Actor_3Berhampuri/a80-01-03-11.wav,Vocal recording sample,neutral,
SAM_01231,Zenodo,d85-02-03-11.wav,zenodo_16210020/SITB-OSED/Actor_3Berhampuri/d85-02-03-11.wav,Vocal recording sample,neutral,
SAM_01232,Zenodo,f20-03-03-11.wav,zenodo_16210020/SITB-OSED/Actor_3Berhampuri/f20-03-03-11.wav,Vocal recording sample,neutral,
SAM_01233,Zenodo,f9-03-03-11.wav,zenodo_16210020/SITB-OSED/Actor_3Berhampuri/f9-03-03-11.wav,Vocal recording sample,neutral,
SAM_01234,Zenodo,a18-01-03-11.wav,zenodo_16210020/SITB-OSED/Actor_3Berhampuri/a18-01-03-11.wav,Vocal recording sample,neutral,
SAM_01235,Zenodo,d32-02-03-11.wav,zenodo_16210020/SITB-OSED/Actor_3Berhampuri/d32-02-03-11.wav,Vocal recording sample,neutral,
SAM_01236,Zenodo,d25-02-03-11.wav,zenodo_16210020/SITB-OSED/Actor_3Berhampuri/d25-02-03-11.wav,Vocal recording sample,neutral,
SAM_01237,Zenodo,a96-01-03-11.wav,zenodo_16210020/SITB-OSED/Actor_3Berhampuri/a96-01-03-11.wav,Vocal recording sample,neutral,
SAM_01238,Zenodo,h53-04-03-11.wav,zenodo_16210020/SITB-OSED/Actor_3Berhampuri/h53-04-03-11.wav,Vocal recording sample,neutral,
SAM_01239,Zenodo,a3-01-03-11.wav,zenodo_16210020/SITB-OSED/Actor_3Berhampuri/a3-01-03-11.wav,Vocal recording sample,neutral,
SAM_01240,Zenodo,a83-01-03-11.wav,zenodo_16210020/SITB-OSED/Actor_3Berhampuri/a83-01-03-11.wav,Vocal recording sample,neutral,
SAM_01241,Zenodo,f50-03-03-11.wav,zenodo_16210020/SITB-OSED/Actor_3Berhampuri/f50-03-03-11.wav,Vocal recording sample,neutral,
SAM_01242,Zenodo,sr56-06-03-11.wav,zenodo_16210020/SITB-OSED/Actor_3Berhampuri/sr56-06-03-11.wav,Vocal recording sample,neutral,
SAM_01243,Zenodo,d4-02-03-11.wav,zenodo_16210020/SITB-OSED/Actor_3Berhampuri/d4-02-03-11.wav,Vocal recording sample,neutral,
SAM_01244,Zenodo,a38-01-03-11.wav,zenodo_16210020/SITB-OSED/Actor_3Berhampuri/a38-01-03-11.wav,Vocal recording sample,neutral,
SAM_01245,Zenodo,h88-04-03-11.wav,zenodo_16210020/SITB-OSED/Actor_3Berhampuri/h88-04-03-11.wav,Vocal recording sample,neutral,
SAM_01246,Zenodo,h63-04-03-11.wav,zenodo_16210020/SITB-OSED/Actor_3Berhampuri/h63-04-03-11.wav,Vocal recording sample,neutral,
SAM_01247,Zenodo,d22-02-03-11.wav,zenodo_16210020/SITB-OSED/Actor_3Berhampuri/d22-02-03-11.wav,Vocal recording sample,neutral,
SAM_01248,Zenodo,sr62-06-03-11.wav,zenodo_16210020/SITB-OSED/Actor_3Berhampuri/sr62-06-03-11.wav,Vocal recording sample,neutral,
SAM_01249,Zenodo,s53-05-03-11.wav,zenodo_16210020/SITB-OSED/Actor_3Berhampuri/s53-05-03-11.wav,Vocal recording sample,neutral,
SAM_01250,Zenodo,sr70-06-03-11.wav,zenodo_16210020/SITB-OSED/Actor_3Berhampuri/sr70-06-03-11.wav,Vocal recording sample,neutral,
SAM_01251,Zenodo,f79-03-03-11.wav,zenodo_16210020/SITB-OSED/Actor_3Berhampuri/f79-03-03-11.wav,Vocal recording sample,neutral,
SAM_01252,Zenodo,sr97-06-03-11.wav,zenodo_16210020/SITB-OSED/Actor_3Berhampuri/sr97-06-03-11.wav,Vocal recording sample,neutral,
SAM_01253,Zenodo,s5-05-03-11.wav,zenodo_16210020/SITB-OSED/Actor_3Berhampuri/s5-05-03-11.wav,Vocal recording sample,neutral,
SAM_01254,Zenodo,h58-04-03-11.wav,zenodo_16210020/SITB-OSED/Actor_3Berhampuri/h58-04-03-11.wav,Vocal recording sample,neutral,
SAM_01255,Zenodo,h94-04-03-11.wav,zenodo_16210020/SITB-OSED/Actor_3Berhampuri/h94-04-03-11.wav,Vocal recording sample,neutral,
SAM_01256,Zenodo,h61-04-03-11.wav,zenodo_16210020/SITB-OSED/Actor_3Berhampuri/h61-04-03-11.wav,Vocal recording sample,neutral,
SAM_01257,Zenodo,f48-03-03-11.wav,zenodo_16210020/SITB-OSED/Actor_3Berhampuri/f48-03-03-11.wav,Vocal recording sample,neutral,
SAM_01258,Zenodo,a33-01-03-11.wav,zenodo_16210020/SITB-OSED/Actor_3Berhampuri/a33-01-03-11.wav,Vocal recording sample,neutral,
SAM_01259,Zenodo,d88-02-03-11.wav,zenodo_16210020/SITB-OSED/Actor_3Berhampuri/d88-02-03-11.wav,Vocal recording sample,neutral,
SAM_01260,Zenodo,a93-01-03-11.wav,zenodo_16210020/SITB-OSED/Actor_3Berhampuri/a93-01-03-11.wav,Vocal recording sample,neutral,
SAM_01261,Zenodo,a2-01-03-11.wav,zenodo_16210020/SITB-OSED/Actor_3Berhampuri/a2-01-03-11.wav,Vocal recording sample,neutral,
SAM_01262,Zenodo,d36-02-03-11.wav,zenodo_16210020/SITB-OSED/Actor_3Berhampuri/d36-02-03-11.wav,Vocal recording sample,neutral,
SAM_01263,Zenodo,h19-04-03-11.wav,zenodo_16210020/SITB-OSED/Actor_3Berhampuri/h19-04-03-11.wav,Vocal recording sample,neutral,
SAM_01264,Zenodo,a64-01-03-11.wav,zenodo_16210020/SITB-OSED/Actor_3Berhampuri/a64-01-03-11.wav,Vocal recording sample,neutral,
SAM_01265,Zenodo,h22-04-03-11.wav,zenodo_16210020/SITB-OSED/Actor_3Berhampuri/h22-04-03-11.wav,Vocal recording sample,neutral,
SAM_01266,Zenodo,h77-04-03-11.wav,zenodo_16210020/SITB-OSED/Actor_3Berhampuri/h77-04-03-11.wav,Vocal recording sample,neutral,
SAM_01267,Zenodo,h60-04-03-11.wav,zenodo_16210020/SITB-OSED/Actor_3Berhampuri/h60-04-03-11.wav,Vocal recording sample,neutral,
SAM_01268,Zenodo,sr95-06-03-11.wav,zenodo_16210020/SITB-OSED/Actor_3Berhampuri/sr95-06-03-11.wav,Vocal recording sample,neutral,
SAM_01269,Zenodo,f89-03-03-11.wav,zenodo_16210020/SITB-OSED/Actor_3Berhampuri/f89-03-03-11.wav,Vocal recording sample,neutral,
SAM_01270,Zenodo,s89-05-03-11.wav,zenodo_16210020/SITB-OSED/Actor_3Berhampuri/s89-05-03-11.wav,Vocal recording sample,neutral,
SAM_01271,Zenodo,sr12-06-03-11.wav,zenodo_16210020/SITB-OSED/Actor_3Berhampuri/sr12-06-03-11.wav,Vocal recording sample,neutral,
SAM_01272,Zenodo,sr34-06-03-11.wav,zenodo_16210020/SITB-OSED/Actor_3Berhampuri/sr34-06-03-11.wav,Vocal recording sample,neutral,
SAM_01273,Zenodo,s26-05-03-11.wav,zenodo_16210020/SITB-OSED/Actor_3Berhampuri/s26-05-03-11.wav,Vocal recording sample,neutral,
SAM_01274,Zenodo,f68-03-03-11.wav,zenodo_16210020/SITB-OSED/Actor_3Berhampuri/f68-03-03-11.wav,Vocal recording sample,neutral,
SAM_01275,Zenodo,a76-01-03-11.wav,zenodo_16210020/SITB-OSED/Actor_3Berhampuri/a76-01-03-11.wav,Vocal recording sample,neutral,
SAM_01276,Zenodo,h85-04-03-11.wav,zenodo_16210020/SITB-OSED/Actor_3Berhampuri/h85-04-03-11.wav,Vocal recording sample,neutral,
SAM_01277,Zenodo,d38-02-03-11.wav,zenodo_16210020/SITB-OSED/Actor_3Berhampuri/d38-02-03-11.wav,Vocal recording sample,neutral,
SAM_01278,Zenodo,h52-04-03-11.wav,zenodo_16210020/SITB-OSED/Actor_3Berhampuri/h52-04-03-11.wav,Vocal recording sample,neutral,
SAM_01279,Zenodo,d31-02-03-11.wav,zenodo_16210020/SITB-OSED/Actor_3Berhampuri/d31-02-03-11.wav,Vocal recording sample,neutral,
SAM_01280,Zenodo,sr6-06-03-11.wav,zenodo_16210020/SITB-OSED/Actor_3Berhampuri/sr6-06-03-11.wav,Vocal recording sample,neutral,
SAM_01281,Zenodo,a63-01-03-11.wav,zenodo_16210020/SITB-OSED/Actor_3Berhampuri/a63-01-03-11.wav,Vocal recording sample,neutral,
SAM_01282,Zenodo,f99-03-03-11.wav,zenodo_16210020/SITB-OSED/Actor_3Berhampuri/f99-03-03-11.wav,Vocal recording sample,neutral,
SAM_01283,Zenodo,a81-01-03-11.wav,zenodo_16210020/SITB-OSED/Actor_3Berhampuri/a81-01-03-11.wav,Vocal recording sample,neutral,
SAM_01284,Zenodo,sr28-06-03-11.wav,zenodo_16210020/SITB-OSED/Actor_3Berhampuri/sr28-06-03-11.wav,Vocal recording sample,neutral,
SAM_01285,Zenodo,sr94-06-03-11.wav,zenodo_16210020/SITB-OSED/Actor_3Berhampuri/sr94-06-03-11.wav,Vocal recording sample,neutral,
SAM_01286,Zenodo,h68-04-03-11.wav,zenodo_16210020/SITB-OSED/Actor_3Berhampuri/h68-04-03-11.wav,Vocal recording sample,neutral,
SAM_01287,Zenodo,h14-04-03-11.wav,zenodo_16210020/SITB-OSED/Actor_3Berhampuri/h14-04-03-11.wav,Vocal recording sample,neutral,
SAM_01288,Zenodo,a66-01-03-11.wav,zenodo_16210020/SITB-OSED/Actor_3Berhampuri/a66-01-03-11.wav,Vocal recording sample,neutral,
SAM_01289,Zenodo,s90-05-03-11.wav,zenodo_16210020/SITB-OSED/Actor_3Berhampuri/s90-05-03-11.wav,Vocal recording sample,neutral,
SAM_01290,Zenodo,d82-02-03-11.wav,zenodo_16210020/SITB-OSED/Actor_3Berhampuri/d82-02-03-11.wav,Vocal recording sample,neutral,
SAM_01291,Zenodo,a15-01-03-11.wav,zenodo_16210020/SITB-OSED/Actor_3Berhampuri/a15-01-03-11.wav,Vocal recording sample,neutral,
SAM_01292,Zenodo,sr45-06-03-11.wav,zenodo_16210020/SITB-OSED/Actor_3Berhampuri/sr45-06-03-11.wav,Vocal recording sample,neutral,
SAM_01293,Zenodo,d44-02-03-11.wav,zenodo_16210020/SITB-OSED/Actor_3Berhampuri/d44-02-03-11.wav,Vocal recording sample,neutral,
SAM_01294,Zenodo,f1-03-03-11.wav,zenodo_16210020/SITB-OSED/Actor_3Berhampuri/f1-03-03-11.wav,Vocal recording sample,neutral,
SAM_01295,Zenodo,f52-03-03-11.wav,zenodo_16210020/SITB-OSED/Actor_3Berhampuri/f52-03-03-11.wav,Vocal recording sample,neutral,
SAM_01296,Zenodo,h57-04-03-11.wav,zenodo_16210020/SITB-OSED/Actor_3Berhampuri/h57-04-03-11.wav,Vocal recording sample,neutral,
SAM_01297,Zenodo,s61-05-03-11.wav,zenodo_16210020/SITB-OSED/Actor_3Berhampuri/s61-05-03-11.wav,Vocal recording sample,neutral,
SAM_01298,Zenodo,f27-03-03-11.wav,zenodo_16210020/SITB-OSED/Actor_3Berhampuri/f27-03-03-11.wav,Vocal recording sample,neutral,
SAM_01299,Zenodo,d12-02-03-11.wav,zenodo_16210020/SITB-OSED/Actor_3Berhampuri/d12-02-03-11.wav,Vocal recording sample,neutral,
SAM_01300,Zenodo,h49-04-03-11.wav,zenodo_16210020/SITB-OSED/Actor_3Berhampuri/h49-04-03-11.wav,Vocal recording sample,neutral,
SAM_01301,Zenodo,s88-05-03-11.wav,zenodo_16210020/SITB-OSED/Actor_3Berhampuri/s88-05-03-11.wav,Vocal recording sample,neutral,
SAM_01302,Zenodo,d102-02-03-11.wav,zenodo_16210020/SITB-OSED/Actor_3Berhampuri/d102-02-03-11.wav,Vocal recording sample,neutral,
SAM_01303,Zenodo,a47-01-03-11.wav,zenodo_16210020/SITB-OSED/Actor_3Berhampuri/a47-01-03-11.wav,Vocal recording sample,neutral,
SAM_01304,Zenodo,h23-04-03-11.wav,zenodo_16210020/SITB-OSED/Actor_3Berhampuri/h23-04-03-11.wav,Vocal recording sample,neutral,
SAM_01305,Zenodo,d95-02-03-11.wav,zenodo_16210020/SITB-OSED/Actor_3Berhampuri/d95-02-03-11.wav,Vocal recording sample,neutral,
SAM_01306,Zenodo,sr32-06-03-11.wav,zenodo_16210020/SITB-OSED/Actor_3Berhampuri/sr32-06-03-11.wav,Vocal recording sample,neutral,
SAM_01307,Zenodo,h43-04-03-11.wav,zenodo_16210020/SITB-OSED/Actor_3Berhampuri/h43-04-03-11.wav,Vocal recording sample,neutral,
SAM_01308,Zenodo,d17-02-03-11.wav,zenodo_16210020/SITB-OSED/Actor_3Berhampuri/d17-02-03-11.wav,Vocal recording sample,neutral,
SAM_01309,Zenodo,a88-01-03-11.wav,zenodo_16210020/SITB-OSED/Actor_3Berhampuri/a88-01-03-11.wav,Vocal recording sample,neutral,
SAM_01310,Zenodo,h92-04-03-11.wav,zenodo_16210020/SITB-OSED/Actor_3Berhampuri/h92-04-03-11.wav,Vocal recording sample,neutral,
SAM_01311,Zenodo,s87-05-03-11.wav,zenodo_16210020/SITB-OSED/Actor_3Berhampuri/s87-05-03-11.wav,Vocal recording sample,neutral,
SAM_01312,Zenodo,h32-04-03-11.wav,zenodo_16210020/SITB-OSED/Actor_3Berhampuri/h32-04-03-11.wav,Vocal recording sample,neutral,
SAM_01313,Zenodo,s73-05-03-11.wav,zenodo_16210020/SITB-OSED/Actor_3Berhampuri/s73-05-03-11.wav,Vocal recording sample,neutral,
SAM_01314,Zenodo,f3-03-03-11.wav,zenodo_16210020/SITB-OSED/Actor_3Berhampuri/f3-03-03-11.wav,Vocal recording sample,neutral,
SAM_01315,Zenodo,f36-03-03-11.wav,zenodo_16210020/SITB-OSED/Actor_3Berhampuri/f36-03-03-11.wav,Vocal recording sample,neutral,
SAM_01316,Zenodo,s28-05-03-11.wav,zenodo_16210020/SITB-OSED/Actor_3Berhampuri/s28-05-03-11.wav,Vocal recording sample,neutral,
SAM_01317,Zenodo,s72-05-03-11.wav,zenodo_16210020/SITB-OSED/Actor_3Berhampuri/s72-05-03-11.wav,Vocal recording sample,neutral,
SAM_01318,Zenodo,sr96-06-03-11.wav,zenodo_16210020/SITB-OSED/Actor_3Berhampuri/sr96-06-03-11.wav,Vocal recording sample,neutral,
SAM_01319,Zenodo,a27-01-03-11.wav,zenodo_16210020/SITB-OSED/Actor_3Berhampuri/a27-01-03-11.wav,Vocal recording sample,neutral,
SAM_01320,Zenodo,h56-04-03-11.wav,zenodo_16210020/SITB-OSED/Actor_3Berhampuri/h56-04-03-11.wav,Vocal recording sample,neutral,
SAM_01321,Zenodo,d27-02-03-11.wav,zenodo_16210020/SITB-OSED/Actor_3Berhampuri/d27-02-03-11.wav,Vocal recording sample,neutral,
SAM_01322,Zenodo,h26-04-03-11.wav,zenodo_16210020/SITB-OSED/Actor_3Berhampuri/h26-04-03-11.wav,Vocal recording sample,neutral,
SAM_01323,Zenodo,d58-02-03-11.wav,zenodo_16210020/SITB-OSED/Actor_3Berhampuri/d58-02-03-11.wav,Vocal recording sample,neutral,
SAM_01324,Zenodo,d30-02-03-11.wav,zenodo_16210020/SITB-OSED/Actor_3Berhampuri/d30-02-03-11.wav,Vocal recording sample,neutral,
SAM_01325,Zenodo,f92-03-03-11.wav,zenodo_16210020/SITB-OSED/Actor_3Berhampuri/f92-03-03-11.wav,Vocal recording sample,neutral,
SAM_01326,Zenodo,s31-05-03-11.wav,zenodo_16210020/SITB-OSED/Actor_3Berhampuri/s31-05-03-11.wav,Vocal recording sample,neutral,
SAM_01327,Zenodo,a99-01-03-11.wav,zenodo_16210020/SITB-OSED/Actor_3Berhampuri/a99-01-03-11.wav,Vocal recording sample,neutral,
SAM_01328,Zenodo,f46-03-03-11.wav,zenodo_16210020/SITB-OSED/Actor_3Berhampuri/f46-03-03-11.wav,Vocal recording sample,neutral,
SAM_01329,Zenodo,d1-02-03-11.wav,zenodo_16210020/SITB-OSED/Actor_3Berhampuri/d1-02-03-11.wav,Vocal recording sample,neutral,
SAM_01330,Zenodo,h10-04-03-11.wav,zenodo_16210020/SITB-OSED/Actor_3Berhampuri/h10-04-03-11.wav,Vocal recording sample,neutral,
SAM_01331,Zenodo,f84-03-03-11.wav,zenodo_16210020/SITB-OSED/Actor_3Berhampuri/f84-03-03-11.wav,Vocal recording sample,neutral,
SAM_01332,Zenodo,sr44-06-03-11.wav,zenodo_16210020/SITB-OSED/Actor_3Berhampuri/sr44-06-03-11.wav,Vocal recording sample,neutral,
SAM_01333,Zenodo,f51-03-03-11.wav,zenodo_16210020/SITB-OSED/Actor_3Berhampuri/f51-03-03-11.wav,Vocal recording sample,neutral,
SAM_01334,Zenodo,d93-02-03-11.wav,zenodo_16210020/SITB-OSED/Actor_3Berhampuri/d93-02-03-11.wav,Vocal recording sample,neutral,
SAM_01335,Zenodo,h55-04-03-11.wav,zenodo_16210020/SITB-OSED/Actor_3Berhampuri/h55-04-03-11.wav,Vocal recording sample,neutral,
SAM_01336,Zenodo,sr93-06-03-11.wav,zenodo_16210020/SITB-OSED/Actor_3Berhampuri/sr93-06-03-11.wav,Vocal recording sample,neutral,
SAM_01337,Zenodo,f75-03-03-11.wav,zenodo_16210020/SITB-OSED/Actor_3Berhampuri/f75-03-03-11.wav,Vocal recording sample,neutral,
SAM_01338,Zenodo,h1-04-03-11.wav,zenodo_16210020/SITB-OSED/Actor_3Berhampuri/h1-04-03-11.wav,Vocal recording sample,neutral,
SAM_01339,Zenodo,h86-04-03-11.wav,zenodo_16210020/SITB-OSED/Actor_3Berhampuri/h86-04-03-11.wav,Vocal recording sample,neutral,
SAM_01340,Zenodo,d94-02-03-11.wav,zenodo_16210020/SITB-OSED/Actor_3Berhampuri/d94-02-03-11.wav,Vocal recording sample,neutral,
SAM_01341,Zenodo,a34-01-03-11.wav,zenodo_16210020/SITB-OSED/Actor_3Berhampuri/a34-01-03-11.wav,Vocal recording sample,neutral,
SAM_01342,Zenodo,a85-01-03-11.wav,zenodo_16210020/SITB-OSED/Actor_3Berhampuri/a85-01-03-11.wav,Vocal recording sample,neutral,
SAM_01343,Zenodo,sr61-06-03-11.wav,zenodo_16210020/SITB-OSED/Actor_3Berhampuri/sr61-06-03-11.wav,Vocal recording sample,neutral,
SAM_01344,Zenodo,sr21-06-03-11.wav,zenodo_16210020/SITB-OSED/Actor_3Berhampuri/sr21-06-03-11.wav,Vocal recording sample,neutral,
SAM_01345,Zenodo,s81-05-03-11.wav,zenodo_16210020/SITB-OSED/Actor_3Berhampuri/s81-05-03-11.wav,Vocal recording sample,neutral,
SAM_01346,Zenodo,f77-03-03-11.wav,zenodo_16210020/SITB-OSED/Actor_3Berhampuri/f77-03-03-11.wav,Vocal recording sample,neutral,
SAM_01347,Zenodo,sr19-06-03-11.wav,zenodo_16210020/SITB-OSED/Actor_3Berhampuri/sr19-06-03-11.wav,Vocal recording sample,neutral,
SAM_01348,Zenodo,d5-02-03-11.wav,zenodo_16210020/SITB-OSED/Actor_3Berhampuri/d5-02-03-11.wav,Vocal recording sample,neutral,
SAM_01349,Zenodo,h6-04-03-11.wav,zenodo_16210020/SITB-OSED/Actor_3Berhampuri/h6-04-03-11.wav,Vocal recording sample,neutral,
SAM_01350,Zenodo,f34-03-03-11.wav,zenodo_16210020/SITB-OSED/Actor_3Berhampuri/f34-03-03-11.wav,Vocal recording sample,neutral,
SAM_01351,Zenodo,s12-05-03-11.wav,zenodo_16210020/SITB-OSED/Actor_3Berhampuri/s12-05-03-11.wav,Vocal recording sample,neutral,
SAM_01352,Zenodo,h97-04-03-11.wav,zenodo_16210020/SITB-OSED/Actor_3Berhampuri/h97-04-03-11.wav,Vocal recording sample,neutral,
SAM_01353,Zenodo,s54-05-03-11.wav,zenodo_16210020/SITB-OSED/Actor_3Berhampuri/s54-05-03-11.wav,Vocal recording sample,neutral,
SAM_01354,Zenodo,d40-02-03-11.wav,zenodo_16210020/SITB-OSED/Actor_3Berhampuri/d40-02-03-11.wav,Vocal recording sample,neutral,
SAM_01355,Zenodo,a53-01-03-11.wav,zenodo_16210020/SITB-OSED/Actor_3Berhampuri/a53-01-03-11.wav,Vocal recording sample,neutral,
SAM_01356,Zenodo,h95-04-03-11.wav,zenodo_16210020/SITB-OSED/Actor_3Berhampuri/h95-04-03-11.wav,Vocal recording sample,neutral,
SAM_01357,Zenodo,d72-02-03-11.wav,zenodo_16210020/SITB-OSED/Actor_3Berhampuri/d72-02-03-11.wav,Vocal recording sample,neutral,
SAM_01358,Zenodo,d14-02-03-11.wav,zenodo_16210020/SITB-OSED/Actor_3Berhampuri/d14-02-03-11.wav,Vocal recording sample,neutral,
SAM_01359,Zenodo,f32-03-03-11.wav,zenodo_16210020/SITB-OSED/Actor_3Berhampuri/f32-03-03-11.wav,Vocal recording sample,neutral,
SAM_01360,Zenodo,d37-02-03-11.wav,zenodo_16210020/SITB-OSED/Actor_3Berhampuri/d37-02-03-11.wav,Vocal recording sample,neutral,
SAM_01361,Zenodo,f98-03-03-11.wav,zenodo_16210020/SITB-OSED/Actor_3Berhampuri/f98-03-03-11.wav,Vocal recording sample,neutral,
SAM_01362,Zenodo,f60-03-03-11.wav,zenodo_16210020/SITB-OSED/Actor_3Berhampuri/f60-03-03-11.wav,Vocal recording sample,neutral,
SAM_01363,Zenodo,s49-05-03-11.wav,zenodo_16210020/SITB-OSED/Actor_3Berhampuri/s49-05-03-11.wav,Vocal recording sample,neutral,
SAM_01364,Zenodo,sr87-06-03-11.wav,zenodo_16210020/SITB-OSED/Actor_3Berhampuri/sr87-06-03-11.wav,Vocal recording sample,neutral,
SAM_01365,Zenodo,h24-04-03-11.wav,zenodo_16210020/SITB-OSED/Actor_3Berhampuri/h24-04-03-11.wav,Vocal recording sample,neutral,
SAM_01366,Zenodo,a87-01-03-11.wav,zenodo_16210020/SITB-OSED/Actor_3Berhampuri/a87-01-03-11.wav,Vocal recording sample,neutral,
SAM_01367,Zenodo,d79-02-03-11.wav,zenodo_16210020/SITB-OSED/Actor_3Berhampuri/d79-02-03-11.wav,Vocal recording sample,neutral,
SAM_01368,Zenodo,sr15-06-03-11.wav,zenodo_16210020/SITB-OSED/Actor_3Berhampuri/sr15-06-03-11.wav,Vocal recording sample,neutral,
SAM_01369,Zenodo,h72-04-03-11.wav,zenodo_16210020/SITB-OSED/Actor_3Berhampuri/h72-04-03-11.wav,Vocal recording sample,neutral,
SAM_01370,Zenodo,h17-04-03-11.wav,zenodo_16210020/SITB-OSED/Actor_3Berhampuri/h17-04-03-11.wav,Vocal recording sample,neutral,
SAM_01371,Zenodo,d45-02-03-11.wav,zenodo_16210020/SITB-OSED/Actor_3Berhampuri/d45-02-03-11.wav,Vocal recording sample,neutral,
SAM_01372,Zenodo,s37-05-03-11.wav,zenodo_16210020/SITB-OSED/Actor_3Berhampuri/s37-05-03-11.wav,Vocal recording sample,neutral,
SAM_01373,Zenodo,h11-04-03-11.wav,zenodo_16210020/SITB-OSED/Actor_3Berhampuri/h11-04-03-11.wav,Vocal recording sample,neutral,
SAM_01374,Zenodo,a55-01-03-11.wav,zenodo_16210020/SITB-OSED/Actor_3Berhampuri/a55-01-03-11.wav,Vocal recording sample,neutral,
SAM_01375,Zenodo,sr77-06-03-11.wav,zenodo_16210020/SITB-OSED/Actor_3Berhampuri/sr77-06-03-11.wav,Vocal recording sample,neutral,
SAM_01376,Zenodo,f16-03-03-11.wav,zenodo_16210020/SITB-OSED/Actor_3Berhampuri/f16-03-03-11.wav,Vocal recording sample,neutral,
SAM_01377,Zenodo,h28-04-03-11.wav,zenodo_16210020/SITB-OSED/Actor_3Berhampuri/h28-04-03-11.wav,Vocal recording sample,neutral,
SAM_01378,Zenodo,a57-01-03-11.wav,zenodo_16210020/SITB-OSED/Actor_3Berhampuri/a57-01-03-11.wav,Vocal recording sample,neutral,
SAM_01379,Zenodo,s17-05-03-11.wav,zenodo_16210020/SITB-OSED/Actor_3Berhampuri/s17-05-03-11.wav,Vocal recording sample,neutral,
SAM_01380,Zenodo,h41-04-03-11.wav,zenodo_16210020/SITB-OSED/Actor_3Berhampuri/h41-04-03-11.wav,Vocal recording sample,neutral,
SAM_01381,Zenodo,f97-03-03-11.wav,zenodo_16210020/SITB-OSED/Actor_3Berhampuri/f97-03-03-11.wav,Vocal recording sample,neutral,
SAM_01382,Zenodo,s47-05-03-11.wav,zenodo_16210020/SITB-OSED/Actor_3Berhampuri/s47-05-03-11.wav,Vocal recording sample,neutral,
SAM_01383,Zenodo,f58-03-03-11.wav,zenodo_16210020/SITB-OSED/Actor_3Berhampuri/f58-03-03-11.wav,Vocal recording sample,neutral,
SAM_01384,Zenodo,sr29-06-03-11.wav,zenodo_16210020/SITB-OSED/Actor_3Berhampuri/sr29-06-03-11.wav,Vocal recording sample,neutral,
SAM_01385,Zenodo,f96-03-03-11.wav,zenodo_16210020/SITB-OSED/Actor_3Berhampuri/f96-03-03-11.wav,Vocal recording sample,neutral,
SAM_01386,Zenodo,d65-02-03-11.wav,zenodo_16210020/SITB-OSED/Actor_3Berhampuri/d65-02-03-11.wav,Vocal recording sample,neutral,
SAM_01387,Zenodo,h35-04-03-11.wav,zenodo_16210020/SITB-OSED/Actor_3Berhampuri/h35-04-03-11.wav,Vocal recording sample,neutral,
SAM_01388,Zenodo,d15-02-03-11.wav,zenodo_16210020/SITB-OSED/Actor_3Berhampuri/d15-02-03-11.wav,Vocal recording sample,neutral,
SAM_01389,Zenodo,sr68-06-03-11.wav,zenodo_16210020/SITB-OSED/Actor_3Berhampuri/sr68-06-03-11.wav,Vocal recording sample,neutral,
SAM_01390,Zenodo,d103-02-03-11.wav,zenodo_16210020/SITB-OSED/Actor_3Berhampuri/d103-02-03-11.wav,Vocal recording sample,neutral,
SAM_01391,Zenodo,h13-04-03-11.wav,zenodo_16210020/SITB-OSED/Actor_3Berhampuri/h13-04-03-11.wav,Vocal recording sample,neutral,
SAM_01392,Zenodo,h75-04-03-11.wav,zenodo_16210020/SITB-OSED/Actor_3Berhampuri/h75-04-03-11.wav,Vocal recording sample,neutral,
SAM_01393,Zenodo,sr42-06-03-11.wav,zenodo_16210020/SITB-OSED/Actor_3Berhampuri/sr42-06-03-11.wav,Vocal recording sample,neutral,
SAM_01394,Zenodo,d83-02-03-11.wav,zenodo_16210020/SITB-OSED/Actor_3Berhampuri/d83-02-03-11.wav,Vocal recording sample,neutral,
SAM_01395,Zenodo,f49-03-03-11.wav,zenodo_16210020/SITB-OSED/Actor_3Berhampuri/f49-03-03-11.wav,Vocal recording sample,neutral,
SAM_01396,Zenodo,d53-02-03-11.wav,zenodo_16210020/SITB-OSED/Actor_3Berhampuri/d53-02-03-11.wav,Vocal recording sample,neutral,
SAM_01397,Zenodo,sr46-06-03-11.wav,zenodo_16210020/SITB-OSED/Actor_3Berhampuri/sr46-06-03-11.wav,Vocal recording sample,neutral,
SAM_01398,Zenodo,s3-05-03-11.wav,zenodo_16210020/SITB-OSED/Actor_3Berhampuri/s3-05-03-11.wav,Vocal recording sample,neutral,
SAM_01399,Zenodo,h91-04-03-11.wav,zenodo_16210020/SITB-OSED/Actor_3Berhampuri/h91-04-03-11.wav,Vocal recording sample,neutral,
SAM_01400,Zenodo,f40-03-03-11.wav,zenodo_16210020/SITB-OSED/Actor_3Berhampuri/f40-03-03-11.wav,Vocal recording sample,neutral,
SAM_01401,Zenodo,d67-02-03-11.wav,zenodo_16210020/SITB-OSED/Actor_3Berhampuri/d67-02-03-11.wav,Vocal recording sample,neutral,
SAM_01402,Zenodo,d52-02-03-11.wav,zenodo_16210020/SITB-OSED/Actor_3Berhampuri/d52-02-03-11.wav,Vocal recording sample,neutral,
SAM_01403,Zenodo,sr60-06-03-11.wav,zenodo_16210020/SITB-OSED/Actor_3Berhampuri/sr60-06-03-11.wav,Vocal recording sample,neutral,
SAM_01404,Zenodo,a26-01-03-11.wav,zenodo_16210020/SITB-OSED/Actor_3Berhampuri/a26-01-03-11.wav,Vocal recording sample,neutral,
SAM_01405,Zenodo,h34-04-03-11.wav,zenodo_16210020/SITB-OSED/Actor_3Berhampuri/h34-04-03-11.wav,Vocal recording sample,neutral,
SAM_01406,Zenodo,d89-02-03-11.wav,zenodo_16210020/SITB-OSED/Actor_3Berhampuri/d89-02-03-11.wav,Vocal recording sample,neutral,
SAM_01407,Zenodo,s51-05-03-11.wav,zenodo_16210020/SITB-OSED/Actor_3Berhampuri/s51-05-03-11.wav,Vocal recording sample,neutral,
SAM_01408,Zenodo,f95-03-03-11.wav,zenodo_16210020/SITB-OSED/Actor_3Berhampuri/f95-03-03-11.wav,Vocal recording sample,neutral,
SAM_01409,Zenodo,d69-02-03-11.wav,zenodo_16210020/SITB-OSED/Actor_3Berhampuri/d69-02-03-11.wav,Vocal recording sample,neutral,
SAM_01410,Zenodo,f87-03-03-11.wav,zenodo_16210020/SITB-OSED/Actor_3Berhampuri/f87-03-03-11.wav,Vocal recording sample,neutral,
SAM_01411,Zenodo,f13-03-03-11.wav,zenodo_16210020/SITB-OSED/Actor_3Berhampuri/f13-03-03-11.wav,Vocal recording sample,neutral,
SAM_01412,Zenodo,d43-02-03-11.wav,zenodo_16210020/SITB-OSED/Actor_3Berhampuri/d43-02-03-11.wav,Vocal recording sample,neutral,
SAM_01413,Zenodo,f8-03-03-11.wav,zenodo_16210020/SITB-OSED/Actor_3Berhampuri/f8-03-03-11.wav,Vocal recording sample,neutral,
SAM_01414,Zenodo,sr37-06-03-11.wav,zenodo_16210020/SITB-OSED/Actor_3Berhampuri/sr37-06-03-11.wav,Vocal recording sample,neutral,
SAM_01415,Zenodo,sr55-06-03-11.wav,zenodo_16210020/SITB-OSED/Actor_3Berhampuri/sr55-06-03-11.wav,Vocal recording sample,neutral,
SAM_01416,Zenodo,d20-02-03-11.wav,zenodo_16210020/SITB-OSED/Actor_3Berhampuri/d20-02-03-11.wav,Vocal recording sample,neutral,
SAM_01417,Zenodo,d100-02-03-11.wav,zenodo_16210020/SITB-OSED/Actor_3Berhampuri/d100-02-03-11.wav,Vocal recording sample,neutral,
SAM_01418,Zenodo,sr59-06-03-11.wav,zenodo_16210020/SITB-OSED/Actor_3Berhampuri/sr59-06-03-11.wav,Vocal recording sample,neutral,
SAM_01419,Zenodo,h15-04-03-11.wav,zenodo_16210020/SITB-OSED/Actor_3Berhampuri/h15-04-03-11.wav,Vocal recording sample,neutral,
SAM_01420,Zenodo,f45-03-03-11.wav,zenodo_16210020/SITB-OSED/Actor_3Berhampuri/f45-03-03-11.wav,Vocal recording sample,neutral,
SAM_01421,Zenodo,h80-04-03-11.wav,zenodo_16210020/SITB-OSED/Actor_3Berhampuri/h80-04-03-11.wav,Vocal recording sample,neutral,
SAM_01422,Zenodo,h66-04-03-11.wav,zenodo_16210020/SITB-OSED/Actor_3Berhampuri/h66-04-03-11.wav,Vocal recording sample,neutral,
SAM_01423,Zenodo,s44-05-03-11.wav,zenodo_16210020/SITB-OSED/Actor_3Berhampuri/s44-05-03-11.wav,Vocal recording sample,neutral,
SAM_01424,Zenodo,d59-02-03-11.wav,zenodo_16210020/SITB-OSED/Actor_3Berhampuri/d59-02-03-11.wav,Vocal recording sample,neutral,
SAM_01425,Zenodo,d13-02-03-11.wav,zenodo_16210020/SITB-OSED/Actor_3Berhampuri/d13-02-03-11.wav,Vocal recording sample,neutral,
SAM_01426,Zenodo,s66-05-03-11.wav,zenodo_16210020/SITB-OSED/Actor_3Berhampuri/s66-05-03-11.wav,Vocal recording sample,neutral,
SAM_01427,Zenodo,f54-03-03-11.wav,zenodo_16210020/SITB-OSED/Actor_3Berhampuri/f54-03-03-11.wav,Vocal recording sample,neutral,
SAM_01428,Zenodo,sr91-06-03-11.wav,zenodo_16210020/SITB-OSED/Actor_3Berhampuri/sr91-06-03-11.wav,Vocal recording sample,neutral,
SAM_01429,Zenodo,s13-05-03-11.wav,zenodo_16210020/SITB-OSED/Actor_3Berhampuri/s13-05-03-11.wav,Vocal recording sample,neutral,
SAM_01430,Zenodo,sr33-06-03-11.wav,zenodo_16210020/SITB-OSED/Actor_3Berhampuri/sr33-06-03-11.wav,Vocal recording sample,neutral,
SAM_01431,Zenodo,h42-04-03-11.wav,zenodo_16210020/SITB-OSED/Actor_3Berhampuri/h42-04-03-11.wav,Vocal recording sample,neutral,
SAM_01432,Zenodo,h62-04-03-11.wav,zenodo_16210020/SITB-OSED/Actor_3Berhampuri/h62-04-03-11.wav,Vocal recording sample,neutral,
SAM_01433,Zenodo,s25-05-03-11.wav,zenodo_16210020/SITB-OSED/Actor_3Berhampuri/s25-05-03-11.wav,Vocal recording sample,neutral,
SAM_01434,Zenodo,s19-05-03-11.wav,zenodo_16210020/SITB-OSED/Actor_3Berhampuri/s19-05-03-11.wav,Vocal recording sample,neutral,
SAM_01435,Zenodo,a68-01-03-11.wav,zenodo_16210020/SITB-OSED/Actor_3Berhampuri/a68-01-03-11.wav,Vocal recording sample,neutral,
SAM_01436,Zenodo,f69-03-03-11.wav,zenodo_16210020/SITB-OSED/Actor_3Berhampuri/f69-03-03-11.wav,Vocal recording sample,neutral,
SAM_01437,Zenodo,a39-01-03-11.wav,zenodo_16210020/SITB-OSED/Actor_3Berhampuri/a39-01-03-11.wav,Vocal recording sample,neutral,
SAM_01438,Zenodo,f26-03-03-11.wav,zenodo_16210020/SITB-OSED/Actor_3Berhampuri/f26-03-03-11.wav,Vocal recording sample,neutral,
SAM_01439,Zenodo,d23-02-03-11.wav,zenodo_16210020/SITB-OSED/Actor_3Berhampuri/d23-02-03-11.wav,Vocal recording sample,neutral,
SAM_01440,Zenodo,a58-01-03-11.wav,zenodo_16210020/SITB-OSED/Actor_3Berhampuri/a58-01-03-11.wav,Vocal recording sample,neutral,
SAM_01441,Zenodo,h40-04-03-11.wav,zenodo_16210020/SITB-OSED/Actor_3Berhampuri/h40-04-03-11.wav,Vocal recording sample,neutral,
SAM_01442,Zenodo,h84-04-03-11.wav,zenodo_16210020/SITB-OSED/Actor_3Berhampuri/h84-04-03-11.wav,Vocal recording sample,neutral,
SAM_01443,Zenodo,d96-02-03-11.wav,zenodo_16210020/SITB-OSED/Actor_3Berhampuri/d96-02-03-11.wav,Vocal recording sample,neutral,
SAM_01444,Zenodo,d97-02-03-11.wav,zenodo_16210020/SITB-OSED/Actor_3Berhampuri/d97-02-03-11.wav,Vocal recording sample,neutral,
SAM_01445,Zenodo,s2-05-03-11.wav,zenodo_16210020/SITB-OSED/Actor_3Berhampuri/s2-05-03-11.wav,Vocal recording sample,neutral,
SAM_01446,Zenodo,h96-04-03-11.wav,zenodo_16210020/SITB-OSED/Actor_3Berhampuri/h96-04-03-11.wav,Vocal recording sample,neutral,
SAM_01447,Zenodo,f72-03-03-11.wav,zenodo_16210020/SITB-OSED/Actor_3Berhampuri/f72-03-03-11.wav,Vocal recording sample,neutral,
SAM_01448,Zenodo,d47-02-03-11.wav,zenodo_16210020/SITB-OSED/Actor_3Berhampuri/d47-02-03-11.wav,Vocal recording sample,neutral,
SAM_01449,Zenodo,s11-05-03-11.wav,zenodo_16210020/SITB-OSED/Actor_3Berhampuri/s11-05-03-11.wav,Vocal recording sample,neutral,
SAM_01450,Zenodo,f7-03-03-11.wav,zenodo_16210020/SITB-OSED/Actor_3Berhampuri/f7-03-03-11.wav,Vocal recording sample,neutral,
SAM_01451,Zenodo,f67-03-03-11.wav,zenodo_16210020/SITB-OSED/Actor_3Berhampuri/f67-03-03-11.wav,Vocal recording sample,neutral,
SAM_01452,Zenodo,a103-01-03-11.wav,zenodo_16210020/SITB-OSED/Actor_3Berhampuri/a103-01-03-11.wav,Vocal recording sample,neutral,
SAM_01453,Zenodo,a101-01-03-11.wav,zenodo_16210020/SITB-OSED/Actor_3Berhampuri/a101-01-03-11.wav,Vocal recording sample,neutral,
SAM_01454,Zenodo,d24-02-03-11.wav,zenodo_16210020/SITB-OSED/Actor_3Berhampuri/d24-02-03-11.wav,Vocal recording sample,neutral,
SAM_01455,Zenodo,h38-04-03-11.wav,zenodo_16210020/SITB-OSED/Actor_3Berhampuri/h38-04-03-11.wav,Vocal recording sample,neutral,
SAM_01456,Zenodo,s82-05-03-11.wav,zenodo_16210020/SITB-OSED/Actor_3Berhampuri/s82-05-03-11.wav,Vocal recording sample,neutral,
SAM_01457,Zenodo,a43-01-03-11.wav,zenodo_16210020/SITB-OSED/Actor_3Berhampuri/a43-01-03-11.wav,Vocal recording sample,neutral,
SAM_01458,Zenodo,h44-04-03-11.wav,zenodo_16210020/SITB-OSED/Actor_3Berhampuri/h44-04-03-11.wav,Vocal recording sample,neutral,
SAM_01459,Zenodo,f80-03-03-11.wav,zenodo_16210020/SITB-OSED/Actor_3Berhampuri/f80-03-03-11.wav,Vocal recording sample,neutral,
SAM_01460,Zenodo,h74-04-03-11.wav,zenodo_16210020/SITB-OSED/Actor_3Berhampuri/h74-04-03-11.wav,Vocal recording sample,neutral,
SAM_01461,Zenodo,d2-02-03-11.wav,zenodo_16210020/SITB-OSED/Actor_3Berhampuri/d2-02-03-11.wav,Vocal recording sample,neutral,
SAM_01462,Zenodo,f55-03-03-11.wav,zenodo_16210020/SITB-OSED/Actor_3Berhampuri/f55-03-03-11.wav,Vocal recording sample,neutral,
SAM_01463,Zenodo,sr73-06-03-11.wav,zenodo_16210020/SITB-OSED/Actor_3Berhampuri/sr73-06-03-11.wav,Vocal recording sample,neutral,
SAM_01464,Zenodo,a48-01-03-11.wav,zenodo_16210020/SITB-OSED/Actor_3Berhampuri/a48-01-03-11.wav,Vocal recording sample,neutral,
SAM_01465,Zenodo,a41-01-03-11.wav,zenodo_16210020/SITB-OSED/Actor_3Berhampuri/a41-01-03-11.wav,Vocal recording sample,neutral,
SAM_01466,Zenodo,a65-01-03-11.wav,zenodo_16210020/SITB-OSED/Actor_3Berhampuri/a65-01-03-11.wav,Vocal recording sample,neutral,
SAM_01467,Zenodo,s60-05-03-11.wav,zenodo_16210020/SITB-OSED/Actor_3Berhampuri/s60-05-03-11.wav,Vocal recording sample,neutral,
SAM_01468,Zenodo,sr31-06-03-11.wav,zenodo_16210020/SITB-OSED/Actor_3Berhampuri/sr31-06-03-11.wav,Vocal recording sample,neutral,
SAM_01469,Zenodo,a97-01-03-11.wav,zenodo_16210020/SITB-OSED/Actor_3Berhampuri/a97-01-03-11.wav,Vocal recording sample,neutral,
SAM_01470,Zenodo,d18-02-03-11.wav,zenodo_16210020/SITB-OSED/Actor_3Berhampuri/d18-02-03-11.wav,Vocal recording sample,neutral,
SAM_01471,Zenodo,sr76-06-03-11.wav,zenodo_16210020/SITB-OSED/Actor_3Berhampuri/sr76-06-03-11.wav,Vocal recording sample,neutral,
SAM_01472,Zenodo,d19-02-03-11.wav,zenodo_16210020/SITB-OSED/Actor_3Berhampuri/d19-02-03-11.wav,Vocal recording sample,neutral,
SAM_01473,Zenodo,s94-05-03-11.wav,zenodo_16210020/SITB-OSED/Actor_3Berhampuri/s94-05-03-11.wav,Vocal recording sample,neutral,
SAM_01474,Zenodo,d42-02-03-11.wav,zenodo_16210020/SITB-OSED/Actor_3Berhampuri/d42-02-03-11.wav,Vocal recording sample,neutral,
SAM_01475,Zenodo,s65-05-03-11.wav,zenodo_16210020/SITB-OSED/Actor_3Berhampuri/s65-05-03-11.wav,Vocal recording sample,neutral,
SAM_01476,Zenodo,s56-05-03-11.wav,zenodo_16210020/SITB-OSED/Actor_3Berhampuri/s56-05-03-11.wav,Vocal recording sample,neutral,
SAM_01477,Zenodo,s84-05-03-11.wav,zenodo_16210020/SITB-OSED/Actor_3Berhampuri/s84-05-03-11.wav,Vocal recording sample,neutral,
SAM_01478,Zenodo,sr10-06-03-11.wav,zenodo_16210020/SITB-OSED/Actor_3Berhampuri/sr10-06-03-11.wav,Vocal recording sample,neutral,
SAM_01479,Zenodo,a79-01-03-11.wav,zenodo_16210020/SITB-OSED/Actor_3Berhampuri/a79-01-03-11.wav,Vocal recording sample,neutral,
SAM_01480,Zenodo,s24-05-03-11.wav,zenodo_16210020/SITB-OSED/Actor_3Berhampuri/s24-05-03-11.wav,Vocal recording sample,neutral,
SAM_01481,Zenodo,sr48-06-03-11.wav,zenodo_16210020/SITB-OSED/Actor_3Berhampuri/sr48-06-03-11.wav,Vocal recording sample,neutral,
SAM_01482,Zenodo,s23-05-03-11.wav,zenodo_16210020/SITB-OSED/Actor_3Berhampuri/s23-05-03-11.wav,Vocal recording sample,neutral,
SAM_01483,Zenodo,a89-01-03-11.wav,zenodo_16210020/SITB-OSED/Actor_3Berhampuri/a89-01-03-11.wav,Vocal recording sample,neutral,
SAM_01484,Zenodo,sr2-06-03-11.wav,zenodo_16210020/SITB-OSED/Actor_3Berhampuri/sr2-06-03-11.wav,Vocal recording sample,neutral,
SAM_01485,Zenodo,h4-04-03-11.wav,zenodo_16210020/SITB-OSED/Actor_3Berhampuri/h4-04-03-11.wav,Vocal recording sample,neutral,
SAM_01486,Zenodo,h31-04-03-11.wav,zenodo_16210020/SITB-OSED/Actor_3Berhampuri/h31-04-03-11.wav,Vocal recording sample,neutral,
SAM_01487,Zenodo,s97-05-03-11.wav,zenodo_16210020/SITB-OSED/Actor_3Berhampuri/s97-05-03-11.wav,Vocal recording sample,neutral,
SAM_01488,Zenodo,f6-03-03-11.wav,zenodo_16210020/SITB-OSED/Actor_3Berhampuri/f6-03-03-11.wav,Vocal recording sample,neutral,
SAM_01489,Zenodo,h50-04-03-11.wav,zenodo_16210020/SITB-OSED/Actor_3Berhampuri/h50-04-03-11.wav,Vocal recording sample,neutral,
SAM_01490,Zenodo,d62-02-03-11.wav,zenodo_16210020/SITB-OSED/Actor_3Berhampuri/d62-02-03-11.wav,Vocal recording sample,neutral,
SAM_01491,Zenodo,d57-02-03-11.wav,zenodo_16210020/SITB-OSED/Actor_3Berhampuri/d57-02-03-11.wav,Vocal recording sample,neutral,
SAM_01492,Zenodo,d61-02-03-11.wav,zenodo_16210020/SITB-OSED/Actor_3Berhampuri/d61-02-03-11.wav,Vocal recording sample,neutral,
SAM_01493,Zenodo,h5-04-03-11.wav,zenodo_16210020/SITB-OSED/Actor_3Berhampuri/h5-04-03-11.wav,Vocal recording sample,neutral,
SAM_01494,Zenodo,f64-03-03-11.wav,zenodo_16210020/SITB-OSED/Actor_3Berhampuri/f64-03-03-11.wav,Vocal recording sample,neutral,
SAM_01495,Zenodo,sr72-06-03-11.wav,zenodo_16210020/SITB-OSED/Actor_3Berhampuri/sr72-06-03-11.wav,Vocal recording sample,neutral,
SAM_01496,Zenodo,f59-03-03-11.wav,zenodo_16210020/SITB-OSED/Actor_3Berhampuri/f59-03-03-11.wav,Vocal recording sample,neutral,
SAM_01497,Zenodo,s77-05-03-11.wav,zenodo_16210020/SITB-OSED/Actor_3Berhampuri/s77-05-03-11.wav,Vocal recording sample,neutral,
SAM_01498,Zenodo,d39-02-03-11.wav,zenodo_16210020/SITB-OSED/Actor_3Berhampuri/d39-02-03-11.wav,Vocal recording sample,neutral,
SAM_01499,Zenodo,sr40-06-03-11.wav,zenodo_16210020/SITB-OSED/Actor_3Berhampuri/sr40-06-03-11.wav,Vocal recording sample,neutral,
